trade_type,entry_time,entry_price,exit_time,exit_price,size,gross_pnl,swap_charges,spread_cost,mae,pnl,status
LONG,2024-06-05 07:15:00,29.42882,2024-06-05 15:45:00,29.92882,1,2500.00000,-0.00000,0.00000,123.08250,2500.00000,CLOSED_TP
LONG,2024-06-04 13:30:00,29.50291,2024-06-05 16:15:00,30.00291,1,2500.00000,-22.00000,0.00000,587.56000,2478.00000,CLOSED_TP
LONG,2024-06-04 09:00:00,29.81023,2024-06-06 01:00:00,30.31023,1,2500.00000,-44.00000,0.00000,2124.17000,2456.00000,CLOSED_TP
LONG,2024-06-04 09:15:00,29.65657,2024-06-06 01:00:00,30.15657,1,2500.00000,-44.00000,0.00000,1355.86500,2456.00000,CLOSED_TP
LONG,2024-06-04 08:15:00,29.96389,2024-06-06 01:30:00,30.46389,1,2500.00000,-44.00000,0.00000,2892.47500,2456.00000,CLOSED_TP
LONG,2024-06-04 07:45:00,30.27122,2024-06-06 15:00:00,30.77122,1,2500.00000,-44.00000,0.00000,4429.08500,2456.00000,CLOSED_TP
LONG,2024-06-04 08:00:00,30.11756,2024-06-06 15:00:00,30.61756,1,2500.00000,-44.00000,0.00000,3660.78000,2456.00000,CLOSED_TP
LONG,2024-06-04 01:30:00,30.57854,2024-06-06 15:15:00,31.07854,1,2500.00000,-44.00000,0.00000,5965.69500,2456.00000,CLOSED_TP
LONG,2024-06-04 07:30:00,30.42488,2024-06-06 15:15:00,30.92488,1,2500.00000,-44.00000,0.00000,5197.39000,2456.00000,CLOSED_TP
LONG,2024-06-07 20:45:00,29.13151,2024-06-10 07:45:00,29.63151,1,2500.00000,-66.00000,0.00000,366.53000,2434.00000,CLOSED_TP
LONG,2024-06-07 15:45:00,29.28813,2024-06-10 12:00:00,29.78813,1,2500.00000,-66.00000,0.00000,1149.63500,2434.00000,CLOSED_TP
LONG,2024-06-07 14:00:00,29.44475,2024-06-12 12:30:00,29.94475,1,2500.00000,-110.00000,0.00000,1970.74000,2390.00000,CLOSED_TP
LONG,2024-06-11 01:30:00,29.41805,2024-06-12 12:30:00,29.91805,1,2500.00000,-22.00000,0.00000,1837.24000,2478.00000,CLOSED_TP
LONG,2024-06-11 02:00:00,29.26947,2024-06-12 12:30:00,29.76947,1,2500.00000,-22.00000,0.00000,1094.36000,2478.00000,CLOSED_TP
LONG,2024-06-11 02:15:00,29.12090,2024-06-12 12:30:00,29.62090,1,2500.00000,-22.00000,0.00000,351.48000,2478.00000,CLOSED_TP
LONG,2024-06-07 13:45:00,29.60137,2024-06-12 13:00:00,30.10137,1,2500.00000,-110.00000,0.00000,2753.84500,2390.00000,CLOSED_TP
LONG,2024-06-11 01:00:00,29.56662,2024-06-12 13:00:00,30.06662,1,2500.00000,-22.00000,0.00000,2580.12000,2478.00000,CLOSED_TP
LONG,2024-06-13 15:45:00,28.79780,2024-06-14 11:30:00,29.29780,1,2500.00000,-22.00000,0.00000,657.97500,2478.00000,CLOSED_TP
LONG,2024-06-13 15:15:00,28.94548,2024-06-14 17:30:00,29.44548,1,2500.00000,-22.00000,0.00000,1396.38000,2478.00000,CLOSED_TP
LONG,2024-06-17 06:00:00,29.04686,2024-06-17 13:15:00,29.54686,1,2500.00000,-0.00000,0.00000,108.31000,2500.00000,CLOSED_TP
LONG,2024-06-13 01:30:00,29.09316,2024-06-18 00:30:00,29.59316,1,2500.00000,-110.00000,0.00000,2134.78500,2390.00000,CLOSED_TP
LONG,2024-06-18 10:45:00,29.06459,2024-06-18 18:45:00,29.56459,1,2500.00000,-0.00000,0.00000,696.96000,2500.00000,CLOSED_TP
LONG,2024-06-17 03:30:00,29.19431,2024-06-19 16:00:00,29.69431,1,2500.00000,-44.00000,0.00000,1345.54000,2456.00000,CLOSED_TP
LONG,2024-06-18 08:00:00,29.21213,2024-06-19 16:00:00,29.71213,1,2500.00000,-22.00000,0.00000,1434.64000,2478.00000,CLOSED_TP
LONG,2024-06-13 01:15:00,29.24084,2024-06-19 17:15:00,29.74084,1,2500.00000,-132.00000,0.00000,2873.19000,2368.00000,CLOSED_TP
LONG,2024-06-13 01:00:00,29.38852,2024-06-20 01:00:00,29.88852,1,2500.00000,-154.00000,0.00000,3611.59500,2346.00000,CLOSED_TP
LONG,2024-06-17 01:00:00,29.34175,2024-06-20 01:00:00,29.84175,1,2500.00000,-66.00000,0.00000,2082.77000,2434.00000,CLOSED_TP
LONG,2024-06-18 06:00:00,29.35966,2024-06-20 01:00:00,29.85966,1,2500.00000,-44.00000,0.00000,2172.32000,2456.00000,CLOSED_TP
LONG,2024-06-19 01:00:00,29.37956,2024-06-20 01:00:00,29.87956,1,2500.00000,-22.00000,0.00000,156.82000,2478.00000,CLOSED_TP
LONG,2024-06-07 13:30:00,29.75799,2024-06-20 04:00:00,30.25799,1,2500.00000,-286.00000,0.00000,5458.95000,2214.00000,CLOSED_TP
LONG,2024-06-07 12:45:00,29.91461,2024-06-20 05:15:00,30.41461,1,2500.00000,-286.00000,0.00000,6242.05500,2214.00000,CLOSED_TP
LONG,2024-06-07 12:30:00,30.07123,2024-06-20 14:15:00,30.57123,1,2500.00000,-286.00000,0.00000,7025.16000,2214.00000,CLOSED_TP
LONG,2024-06-07 11:00:00,30.22785,2024-06-20 14:45:00,30.72785,1,2500.00000,-286.00000,0.00000,7808.26500,2214.00000,CLOSED_TP
LONG,2024-06-26 01:45:00,28.72087,2024-06-27 13:00:00,29.22087,1,2500.00000,-22.00000,0.00000,693.37000,2478.00000,CLOSED_TP
LONG,2024-06-28 01:00:00,28.85520,2024-06-28 10:30:00,29.35520,1,2500.00000,-0.00000,0.00000,384.99500,2500.00000,CLOSED_TP
LONG,2024-06-25 15:30:00,28.94156,2024-06-28 12:30:00,29.44156,1,2500.00000,-66.00000,0.00000,1796.78000,2434.00000,CLOSED_TP
LONG,2024-06-25 15:15:00,29.08922,2024-06-28 13:00:00,29.58922,1,2500.00000,-66.00000,0.00000,2535.08500,2434.00000,CLOSED_TP
LONG,2024-06-25 13:30:00,29.23688,2024-07-02 13:45:00,29.73688,1,2500.00000,-154.00000,0.00000,3273.39000,2346.00000,CLOSED_TP
LONG,2024-07-02 03:45:00,29.31290,2024-07-02 14:00:00,29.81290,1,2500.00000,-0.00000,0.00000,528.49500,2500.00000,CLOSED_TP
LONG,2024-06-23 23:45:00,29.39548,2024-07-03 06:45:00,29.89548,1,2500.00000,-220.00000,0.00000,4066.42000,2280.00000,CLOSED_TP
LONG,2024-06-25 01:45:00,29.38454,2024-07-03 06:45:00,29.88454,1,2500.00000,-176.00000,0.00000,4011.69500,2324.00000,CLOSED_TP
LONG,2024-06-21 18:00:00,29.53574,2024-07-03 07:45:00,30.03574,1,2500.00000,-264.00000,0.00000,4767.72000,2236.00000,CLOSED_TP
LONG,2024-06-21 14:00:00,29.68958,2024-07-03 11:45:00,30.18958,1,2500.00000,-264.00000,0.00000,5536.88000,2236.00000,CLOSED_TP
LONG,2024-06-21 13:45:00,29.84341,2024-07-03 12:15:00,30.34341,1,2500.00000,-264.00000,0.00000,6306.04000,2236.00000,CLOSED_TP
LONG,2024-06-21 13:30:00,29.99724,2024-07-03 12:30:00,30.49724,1,2500.00000,-264.00000,0.00000,7075.20000,2236.00000,CLOSED_TP
LONG,2024-06-21 13:00:00,30.15107,2024-07-03 14:30:00,30.65107,1,2500.00000,-264.00000,0.00000,7844.36000,2236.00000,CLOSED_TP
LONG,2024-07-04 06:30:00,30.21797,2024-07-05 12:30:00,30.71797,1,2500.00000,-22.00000,0.00000,84.34000,2478.00000,CLOSED_TP
LONG,2024-06-07 10:30:00,30.38447,2024-07-05 13:00:00,30.88447,1,2500.00000,-616.00000,0.00000,9011.37000,1884.00000,CLOSED_TP
LONG,2024-06-21 07:15:00,30.30490,2024-07-05 13:00:00,30.80490,1,2500.00000,-308.00000,0.00000,8613.52000,2192.00000,CLOSED_TP
LONG,2024-07-04 03:45:00,30.37058,2024-07-05 13:00:00,30.87058,1,2500.00000,-22.00000,0.00000,847.42000,2478.00000,CLOSED_TP
LONG,2024-06-21 06:15:00,30.45874,2024-07-05 13:30:00,30.95874,1,2500.00000,-308.00000,0.00000,9382.68000,2192.00000,CLOSED_TP
LONG,2024-06-07 09:15:00,30.54110,2024-07-05 14:30:00,31.04110,1,2500.00000,-616.00000,0.00000,9794.47500,1884.00000,CLOSED_TP
LONG,2024-06-21 01:15:00,30.61257,2024-07-05 15:00:00,31.11257,1,2500.00000,-308.00000,0.00000,10151.84000,2192.00000,CLOSED_TP
LONG,2024-06-07 08:45:00,30.69772,2024-07-05 15:15:00,31.19772,1,2500.00000,-616.00000,0.00000,10577.58000,1884.00000,CLOSED_TP
LONG,2024-06-07 08:30:00,30.85434,2024-07-05 15:45:00,31.35434,1,2500.00000,-616.00000,0.00000,11360.68500,1884.00000,CLOSED_TP
LONG,2024-07-08 16:00:00,30.63557,2024-07-09 10:45:00,31.13557,1,2500.00000,-22.00000,0.00000,986.84250,2478.00000,CLOSED_TP
LONG,2024-07-09 15:15:00,30.55486,2024-07-10 11:45:00,31.05486,1,2500.00000,-22.00000,0.00000,173.32500,2478.00000,CLOSED_TP
LONG,2024-06-07 01:30:00,31.16758,2024-07-11 12:30:00,31.66758,1,2500.00000,-748.00000,0.00000,12926.89500,1752.00000,CLOSED_TP
LONG,2024-06-07 08:00:00,31.01096,2024-07-11 12:30:00,31.51096,1,2500.00000,-748.00000,0.00000,12143.79000,1752.00000,CLOSED_TP
LONG,2024-07-08 06:00:00,30.94659,2024-07-11 12:30:00,31.44659,1,2500.00000,-66.00000,0.00000,2541.94750,2434.00000,CLOSED_TP
LONG,2024-07-08 15:45:00,30.79108,2024-07-11 12:30:00,31.29108,1,2500.00000,-66.00000,0.00000,1764.39500,2434.00000,CLOSED_TP
LONG,2024-07-09 14:45:00,30.70918,2024-07-11 12:30:00,31.20918,1,2500.00000,-44.00000,0.00000,944.91250,2456.00000,CLOSED_TP
LONG,2024-07-12 07:00:00,30.75456,2024-07-16 15:00:00,31.25456,1,2500.00000,-88.00000,0.00000,1788.78000,2412.00000,CLOSED_TP
LONG,2024-07-12 12:30:00,30.59764,2024-07-16 15:00:00,31.09764,1,2500.00000,-88.00000,0.00000,1004.22500,2412.00000,CLOSED_TP
LONG,2024-07-14 22:30:00,30.62829,2024-07-16 15:00:00,31.12829,1,2500.00000,-44.00000,0.00000,694.44500,2456.00000,CLOSED_TP
LONG,2024-07-19 13:15:00,28.88374,2024-07-21 22:15:00,29.38374,1,2500.00000,-44.00000,0.00000,42.68000,2456.00000,CLOSED_TP
LONG,2024-07-22 12:00:00,28.82396,2024-07-24 02:30:00,29.32396,1,2500.00000,-44.00000,0.00000,653.78000,2456.00000,CLOSED_TP
LONG,2024-07-23 06:15:00,28.77851,2024-07-24 02:30:00,29.27851,1,2500.00000,-22.00000,0.00000,426.54000,2478.00000,CLOSED_TP
LONG,2024-07-23 05:30:00,28.92385,2024-07-24 13:30:00,29.42385,1,2500.00000,-22.00000,0.00000,1153.27000,2478.00000,CLOSED_TP
LONG,2024-07-25 12:30:00,27.45082,2024-07-25 14:45:00,27.95082,1,2500.00000,-0.00000,0.00000,89.60000,2500.00000,CLOSED_TP
LONG,2024-07-25 11:30:00,27.59530,2024-07-28 22:00:00,28.09530,1,2500.00000,-66.00000,0.00000,811.99000,2434.00000,CLOSED_TP
LONG,2024-07-29 15:15:00,27.41135,2024-07-30 04:30:00,27.91135,1,2500.00000,-22.00000,0.00000,468.22500,2478.00000,CLOSED_TP
LONG,2024-07-29 15:00:00,27.55192,2024-07-30 13:30:00,28.05192,1,2500.00000,-22.00000,0.00000,1171.08000,2478.00000,CLOSED_TP
LONG,2024-07-26 01:00:00,27.70000,2024-07-30 16:45:00,28.20000,1,2500.00000,-88.00000,0.00000,1911.52000,2412.00000,CLOSED_TP
LONG,2024-07-29 14:30:00,27.69249,2024-07-30 16:45:00,28.19249,1,2500.00000,-22.00000,0.00000,1873.93500,2478.00000,CLOSED_TP
LONG,2024-07-30 01:30:00,27.67513,2024-07-30 16:45:00,28.17513,1,2500.00000,-0.00000,0.00000,204.64500,2500.00000,CLOSED_TP
LONG,2024-07-25 11:15:00,27.73978,2024-07-30 17:00:00,28.23978,1,2500.00000,-110.00000,0.00000,2110.38000,2390.00000,CLOSED_TP
LONG,2024-07-25 03:00:00,27.88425,2024-07-30 17:15:00,28.38425,1,2500.00000,-110.00000,0.00000,2832.77000,2390.00000,CLOSED_TP
LONG,2024-07-29 14:15:00,27.83306,2024-07-30 17:15:00,28.33306,1,2500.00000,-22.00000,0.00000,2576.79000,2478.00000,CLOSED_TP
LONG,2024-07-29 01:15:00,27.97363,2024-07-31 01:30:00,28.47363,1,2500.00000,-44.00000,0.00000,3279.64500,2456.00000,CLOSED_TP
LONG,2024-07-25 02:30:00,28.02873,2024-07-31 01:45:00,28.52873,1,2500.00000,-132.00000,0.00000,3555.16000,2368.00000,CLOSED_TP
LONG,2024-07-25 02:15:00,28.17321,2024-07-31 05:30:00,28.67321,1,2500.00000,-132.00000,0.00000,4277.55000,2368.00000,CLOSED_TP
LONG,2024-07-25 02:00:00,28.31769,2024-07-31 13:30:00,28.81769,1,2500.00000,-132.00000,0.00000,4999.94000,2368.00000,CLOSED_TP
LONG,2024-07-25 01:45:00,28.46217,2024-07-31 19:30:00,28.96217,1,2500.00000,-132.00000,0.00000,5722.33000,2368.00000,CLOSED_TP
LONG,2024-07-25 01:30:00,28.60664,2024-08-01 01:00:00,29.10664,1,2500.00000,-154.00000,0.00000,6444.72000,2346.00000,CLOSED_TP
LONG,2024-08-02 01:15:00,28.20233,2024-08-02 02:45:00,28.70233,1,2500.00000,-0.00000,0.00000,80.64000,2500.00000,CLOSED_TP
LONG,2024-08-01 17:00:00,28.31673,2024-08-02 03:00:00,28.81673,1,2500.00000,-22.00000,0.00000,652.65000,2478.00000,CLOSED_TP
LONG,2024-08-02 01:00:00,28.34476,2024-08-02 03:00:00,28.84476,1,2500.00000,-0.00000,0.00000,792.82000,2500.00000,CLOSED_TP
LONG,2024-08-01 15:00:00,28.46194,2024-08-02 05:45:00,28.96194,1,2500.00000,-22.00000,0.00000,1378.72000,2478.00000,CLOSED_TP
LONG,2024-08-01 14:45:00,28.60716,2024-08-02 12:30:00,29.10716,1,2500.00000,-22.00000,0.00000,2104.79000,2478.00000,CLOSED_TP
LONG,2024-08-02 15:00:00,28.05989,2024-08-04 23:00:00,28.55989,1,2500.00000,-44.00000,0.00000,513.46000,2456.00000,CLOSED_TP
LONG,2024-08-05 00:45:00,28.07762,2024-08-05 01:30:00,28.57762,1,2500.00000,-0.00000,0.00000,185.11000,2500.00000,CLOSED_TP
LONG,2024-08-05 12:30:00,26.50984,2024-08-05 13:00:00,27.00984,1,2500.00000,-0.00000,0.00000,8.18000,2500.00000,CLOSED_TP
LONG,2024-08-05 12:00:00,26.65236,2024-08-05 13:15:00,27.15236,1,2500.00000,-0.00000,0.00000,720.81000,2500.00000,CLOSED_TP
LONG,2024-08-05 11:45:00,26.79489,2024-08-05 15:00:00,27.29489,1,2500.00000,-0.00000,0.00000,1433.44000,2500.00000,CLOSED_TP
LONG,2024-08-05 11:30:00,26.93741,2024-08-06 00:30:00,27.43741,1,2500.00000,-22.00000,0.00000,2146.07000,2478.00000,CLOSED_TP
LONG,2024-08-06 06:15:00,26.70030,2024-08-06 14:00:00,27.20030,1,2500.00000,-0.00000,0.00000,509.98000,2500.00000,CLOSED_TP
LONG,2024-08-07 22:00:00,26.56942,2024-08-08 11:45:00,27.06942,1,2500.00000,-22.00000,0.00000,492.61000,2478.00000,CLOSED_TP
LONG,2024-08-07 18:00:00,26.70361,2024-08-08 13:45:00,27.20361,1,2500.00000,-22.00000,0.00000,1163.55500,2478.00000,CLOSED_TP
LONG,2024-08-06 06:00:00,26.83652,2024-08-08 14:00:00,27.33652,1,2500.00000,-44.00000,0.00000,1828.11000,2456.00000,CLOSED_TP
LONG,2024-08-06 05:45:00,26.97275,2024-08-08 14:15:00,27.47275,1,2500.00000,-44.00000,0.00000,2509.24000,2456.00000,CLOSED_TP
LONG,2024-08-05 11:00:00,27.07994,2024-08-08 14:30:00,27.57994,1,2500.00000,-66.00000,0.00000,3045.20000,2434.00000,CLOSED_TP
LONG,2024-08-06 05:30:00,27.10897,2024-08-09 01:15:00,27.60897,1,2500.00000,-66.00000,0.00000,3190.37000,2434.00000,CLOSED_TP
LONG,2024-08-05 10:45:00,27.22247,2024-08-09 01:30:00,27.72247,1,2500.00000,-88.00000,0.00000,3757.83000,2412.00000,CLOSED_TP
LONG,2024-08-05 10:15:00,27.36499,2024-08-12 07:30:00,27.86499,1,2500.00000,-154.00000,0.00000,4470.46000,2346.00000,CLOSED_TP
LONG,2024-08-11 23:30:00,27.31096,2024-08-12 07:30:00,27.81096,1,2500.00000,-22.00000,0.00000,426.29500,2478.00000,CLOSED_TP
LONG,2024-08-09 13:30:00,27.39534,2024-08-12 07:45:00,27.89534,1,2500.00000,-66.00000,0.00000,848.17500,2434.00000,CLOSED_TP
LONG,2024-08-05 10:00:00,27.50752,2024-08-12 19:15:00,28.00752,1,2500.00000,-154.00000,0.00000,5183.09000,2346.00000,CLOSED_TP
LONG,2024-08-14 16:15:00,27.27948,2024-08-15 05:45:00,27.77948,1,2500.00000,-22.00000,0.00000,461.38000,2478.00000,CLOSED_TP
LONG,2024-08-14 14:30:00,27.41866,2024-08-15 06:00:00,27.91866,1,2500.00000,-22.00000,0.00000,1157.28500,2478.00000,CLOSED_TP
LONG,2024-08-14 02:30:00,27.55784,2024-08-15 07:45:00,28.05784,1,2500.00000,-22.00000,0.00000,1853.19000,2478.00000,CLOSED_TP
LONG,2024-08-13 13:15:00,27.60187,2024-08-15 11:00:00,28.10187,1,2500.00000,-44.00000,0.00000,2073.33500,2456.00000,CLOSED_TP
LONG,2024-08-05 09:45:00,27.65004,2024-08-15 11:15:00,28.15004,1,2500.00000,-220.00000,0.00000,5895.72000,2280.00000,CLOSED_TP
LONG,2024-08-14 02:00:00,27.69702,2024-08-15 11:30:00,28.19702,1,2500.00000,-22.00000,0.00000,2549.09500,2478.00000,CLOSED_TP
LONG,2024-08-13 01:30:00,27.74198,2024-08-15 11:45:00,28.24198,1,2500.00000,-44.00000,0.00000,2773.89000,2456.00000,CLOSED_TP
LONG,2024-08-05 09:00:00,27.79257,2024-08-15 12:00:00,28.29257,1,2500.00000,-220.00000,0.00000,6608.35000,2280.00000,CLOSED_TP
LONG,2024-08-13 01:00:00,27.88209,2024-08-15 12:15:00,28.38209,1,2500.00000,-44.00000,0.00000,3474.44500,2456.00000,CLOSED_TP
LONG,2024-08-05 08:45:00,27.93510,2024-08-15 14:45:00,28.43510,1,2500.00000,-220.00000,0.00000,7320.98000,2280.00000,CLOSED_TP
LONG,2024-08-02 14:45:00,28.20233,2024-08-16 16:15:00,28.70233,1,2500.00000,-308.00000,0.00000,8657.14000,2192.00000,CLOSED_TP
LONG,2024-08-05 00:30:00,28.22015,2024-08-16 16:15:00,28.72015,1,2500.00000,-242.00000,0.00000,8746.24000,2258.00000,CLOSED_TP
LONG,2024-08-05 07:00:00,28.07762,2024-08-16 16:15:00,28.57762,1,2500.00000,-242.00000,0.00000,8033.61000,2258.00000,CLOSED_TP
LONG,2024-08-16 03:00:00,28.21004,2024-08-16 16:15:00,28.71004,1,2500.00000,-0.00000,0.00000,814.20500,2500.00000,CLOSED_TP
LONG,2024-08-16 11:30:00,28.06828,2024-08-16 16:15:00,28.56828,1,2500.00000,-0.00000,0.00000,105.41000,2500.00000,CLOSED_TP
LONG,2024-08-02 14:30:00,28.34476,2024-08-16 18:30:00,28.84476,1,2500.00000,-308.00000,0.00000,9369.32000,2192.00000,CLOSED_TP
LONG,2024-08-05 00:15:00,28.36267,2024-08-16 18:30:00,28.86267,1,2500.00000,-242.00000,0.00000,9458.87000,2258.00000,CLOSED_TP
LONG,2024-07-24 22:00:00,28.76712,2024-08-19 14:00:00,29.26712,1,2500.00000,-572.00000,0.00000,11481.11000,1928.00000,CLOSED_TP
LONG,2024-07-25 01:15:00,28.75112,2024-08-19 14:00:00,29.25112,1,2500.00000,-550.00000,0.00000,11401.11000,1950.00000,CLOSED_TP
LONG,2024-08-01 08:30:00,28.75237,2024-08-19 14:00:00,29.25237,1,2500.00000,-396.00000,0.00000,11407.36000,2104.00000,CLOSED_TP
LONG,2024-08-19 01:00:00,28.84226,2024-08-19 14:30:00,29.34226,1,2500.00000,-0.00000,0.00000,500.82000,2500.00000,CLOSED_TP
LONG,2024-07-24 20:00:00,28.91315,2024-08-19 15:00:00,29.41315,1,2500.00000,-572.00000,0.00000,12211.24000,1928.00000,CLOSED_TP
LONG,2024-08-01 02:30:00,28.89759,2024-08-19 15:00:00,29.39759,1,2500.00000,-396.00000,0.00000,12133.43000,2104.00000,CLOSED_TP
LONG,2024-07-22 07:00:00,28.97102,2024-08-19 20:45:00,29.47102,1,2500.00000,-616.00000,0.00000,12500.58500,1884.00000,CLOSED_TP
LONG,2024-07-19 12:00:00,29.03110,2024-08-20 07:30:00,29.53110,1,2500.00000,-704.00000,0.00000,12801.01000,1796.00000,CLOSED_TP
LONG,2024-07-24 17:45:00,29.05917,2024-08-20 07:30:00,29.55917,1,2500.00000,-594.00000,0.00000,12941.37000,1906.00000,CLOSED_TP
LONG,2024-07-19 10:00:00,29.17847,2024-08-20 08:00:00,29.67847,1,2500.00000,-704.00000,0.00000,13537.84000,1796.00000,CLOSED_TP
LONG,2024-07-22 02:15:00,29.11808,2024-08-20 08:00:00,29.61808,1,2500.00000,-638.00000,0.00000,13235.89000,1862.00000,CLOSED_TP
LONG,2024-07-22 01:00:00,29.26514,2024-08-20 10:15:00,29.76514,1,2500.00000,-638.00000,0.00000,13971.19500,1862.00000,CLOSED_TP
LONG,2024-08-20 02:00:00,29.25947,2024-08-20 10:15:00,29.75947,1,2500.00000,-0.00000,0.00000,276.33750,2500.00000,CLOSED_TP
LONG,2024-07-19 07:00:00,29.32583,2024-08-20 11:45:00,29.82583,1,2500.00000,-704.00000,0.00000,14274.67000,1796.00000,CLOSED_TP
LONG,2024-08-22 19:15:00,28.86020,2024-08-23 08:15:00,29.36020,1,2500.00000,-22.00000,0.00000,339.97500,2478.00000,CLOSED_TP
LONG,2024-08-22 14:15:00,29.15620,2024-08-23 14:00:00,29.65620,1,2500.00000,-22.00000,0.00000,1819.98500,2478.00000,CLOSED_TP
LONG,2024-08-22 14:30:00,29.00820,2024-08-23 14:00:00,29.50820,1,2500.00000,-22.00000,0.00000,1079.98000,2478.00000,CLOSED_TP
LONG,2024-08-21 13:30:00,29.29499,2024-08-23 15:15:00,29.79499,1,2500.00000,-44.00000,0.00000,2513.94500,2456.00000,CLOSED_TP
LONG,2024-08-22 14:00:00,29.30420,2024-08-23 15:15:00,29.80420,1,2500.00000,-22.00000,0.00000,2559.99000,2478.00000,CLOSED_TP
LONG,2024-08-22 02:15:00,29.45220,2024-08-26 06:45:00,29.95220,1,2500.00000,-88.00000,0.00000,3299.99500,2412.00000,CLOSED_TP
LONG,2024-08-28 22:00:00,28.96669,2024-08-29 04:00:00,29.46669,1,2500.00000,-22.00000,0.00000,462.47250,2478.00000,CLOSED_TP
LONG,2024-08-28 16:15:00,29.11678,2024-08-29 07:30:00,29.61678,1,2500.00000,-22.00000,0.00000,1212.90500,2478.00000,CLOSED_TP
LONG,2024-09-03 14:00:00,27.80915,2024-09-04 14:00:00,28.30915,1,2500.00000,-22.00000,0.00000,359.72500,2478.00000,CLOSED_TP
LONG,2024-09-04 08:45:00,27.77762,2024-09-04 14:00:00,28.27762,1,2500.00000,-0.00000,0.00000,27.09000,2500.00000,CLOSED_TP
LONG,2024-09-03 13:45:00,27.95176,2024-09-05 08:00:00,28.45176,1,2500.00000,-44.00000,0.00000,1072.78000,2456.00000,CLOSED_TP
LONG,2024-09-04 01:15:00,27.91791,2024-09-05 08:00:00,28.41791,1,2500.00000,-22.00000,0.00000,728.54500,2478.00000,CLOSED_TP
LONG,2024-09-03 10:00:00,28.23698,2024-09-05 08:15:00,28.73698,1,2500.00000,-44.00000,0.00000,2498.89000,2456.00000,CLOSED_TP
LONG,2024-09-03 13:30:00,28.09437,2024-09-05 08:15:00,28.59437,1,2500.00000,-44.00000,0.00000,1785.83500,2456.00000,CLOSED_TP
LONG,2024-09-03 01:00:00,28.37959,2024-09-05 13:15:00,28.87959,1,2500.00000,-44.00000,0.00000,3211.94500,2456.00000,CLOSED_TP
LONG,2024-09-02 02:00:00,28.42434,2024-09-05 13:30:00,28.92434,1,2500.00000,-66.00000,0.00000,3435.71000,2434.00000,CLOSED_TP
LONG,2024-09-02 01:45:00,28.56863,2024-09-05 14:15:00,29.06863,1,2500.00000,-66.00000,0.00000,4157.14000,2434.00000,CLOSED_TP
LONG,2024-09-06 16:30:00,27.82018,2024-09-09 14:15:00,28.32018,1,2500.00000,-66.00000,0.00000,634.89000,2434.00000,CLOSED_TP
LONG,2024-09-09 01:00:00,27.82756,2024-09-09 14:15:00,28.32756,1,2500.00000,-0.00000,0.00000,636.81500,2500.00000,CLOSED_TP
LONG,2024-09-06 16:15:00,27.96432,2024-09-10 07:30:00,28.46432,1,2500.00000,-88.00000,0.00000,1355.62000,2412.00000,CLOSED_TP
LONG,2024-09-10 14:15:00,28.06076,2024-09-11 01:45:00,28.56076,1,2500.00000,-22.00000,0.00000,152.79000,2478.00000,CLOSED_TP
LONG,2024-09-06 16:00:00,28.10847,2024-09-11 06:00:00,28.60847,1,2500.00000,-110.00000,0.00000,2076.35000,2390.00000,CLOSED_TP
LONG,2024-09-10 14:00:00,28.20248,2024-09-11 06:00:00,28.70248,1,2500.00000,-22.00000,0.00000,861.39500,2478.00000,CLOSED_TP
LONG,2024-09-06 15:45:00,28.25262,2024-09-11 06:30:00,28.75262,1,2500.00000,-110.00000,0.00000,2797.08000,2390.00000,CLOSED_TP
LONG,2024-09-11 14:30:00,28.14590,2024-09-11 16:00:00,28.64590,1,2500.00000,-0.00000,0.00000,307.99000,2500.00000,CLOSED_TP
LONG,2024-09-11 14:00:00,28.28805,2024-09-12 05:30:00,28.78805,1,2500.00000,-22.00000,0.00000,1018.74500,2478.00000,CLOSED_TP
LONG,2024-09-06 14:30:00,28.39676,2024-09-12 08:15:00,28.89676,1,2500.00000,-132.00000,0.00000,3517.81000,2368.00000,CLOSED_TP
LONG,2024-09-06 14:15:00,28.54091,2024-09-12 12:45:00,29.04091,1,2500.00000,-132.00000,0.00000,4238.54000,2368.00000,CLOSED_TP
LONG,2024-08-30 16:45:00,28.79064,2024-09-12 13:00:00,29.29064,1,2500.00000,-286.00000,0.00000,5487.18000,2214.00000,CLOSED_TP
LONG,2024-09-02 01:30:00,28.71291,2024-09-12 13:00:00,29.21291,1,2500.00000,-220.00000,0.00000,5098.57000,2280.00000,CLOSED_TP
LONG,2024-09-06 01:30:00,28.68505,2024-09-12 13:00:00,29.18505,1,2500.00000,-132.00000,0.00000,4959.27000,2368.00000,CLOSED_TP
LONG,2024-08-30 14:30:00,28.93753,2024-09-12 14:30:00,29.43753,1,2500.00000,-286.00000,0.00000,6221.63500,2214.00000,CLOSED_TP
LONG,2024-08-30 14:15:00,29.08442,2024-09-12 15:00:00,29.58442,1,2500.00000,-286.00000,0.00000,6956.09000,2214.00000,CLOSED_TP
LONG,2024-08-30 13:15:00,29.23131,2024-09-12 16:00:00,29.73131,1,2500.00000,-286.00000,0.00000,7690.54500,2214.00000,CLOSED_TP
LONG,2024-08-28 12:00:00,29.26687,2024-09-12 16:45:00,29.76687,1,2500.00000,-330.00000,0.00000,7868.33750,2170.00000,CLOSED_TP
LONG,2024-08-28 05:45:00,29.41695,2024-09-12 22:30:00,29.91695,1,2500.00000,-330.00000,0.00000,8618.77000,2170.00000,CLOSED_TP
LONG,2024-08-28 05:30:00,29.56704,2024-09-13 05:30:00,30.06704,1,2500.00000,-352.00000,0.00000,9369.20250,2148.00000,CLOSED_TP
LONG,2024-07-18 16:00:00,29.92154,2024-09-13 13:00:00,30.42154,1,2500.00000,-1254.00000,0.00000,17253.21000,1246.00000,CLOSED_TP
LONG,2024-07-18 19:00:00,29.76966,2024-09-13 13:00:00,30.26966,1,2500.00000,-1254.00000,0.00000,16493.78000,1246.00000,CLOSED_TP
LONG,2024-08-26 01:30:00,29.73677,2024-09-13 13:00:00,30.23677,1,2500.00000,-396.00000,0.00000,10217.84500,2104.00000,CLOSED_TP
LONG,2024-08-28 01:45:00,29.86721,2024-09-13 13:00:00,30.36721,1,2500.00000,-352.00000,0.00000,10870.06750,2148.00000,CLOSED_TP
LONG,2024-08-28 05:15:00,29.71713,2024-09-13 13:00:00,30.21713,1,2500.00000,-352.00000,0.00000,10119.63500,2148.00000,CLOSED_TP
LONG,2024-07-17 16:15:00,30.15342,2024-09-13 13:15:00,30.65342,1,2500.00000,-1276.00000,0.00000,18412.60000,1224.00000,CLOSED_TP
LONG,2024-07-18 15:30:00,30.07343,2024-09-13 13:15:00,30.57343,1,2500.00000,-1254.00000,0.00000,18012.64000,1246.00000,CLOSED_TP
LONG,2024-07-18 14:30:00,30.22531,2024-09-13 13:30:00,30.72531,1,2500.00000,-1254.00000,0.00000,18772.07000,1246.00000,CLOSED_TP
LONG,2024-07-17 15:00:00,30.30885,2024-09-13 15:45:00,30.80885,1,2500.00000,-1276.00000,0.00000,19189.75000,1224.00000,CLOSED_TP
LONG,2024-07-17 14:15:00,30.46428,2024-09-15 23:15:00,30.96428,1,2500.00000,-1320.00000,0.00000,19966.90000,1180.00000,CLOSED_TP
LONG,2024-09-18 17:45:00,30.27851,2024-09-18 18:00:00,30.77851,1,2500.00000,-0.00000,0.00000,200.53000,2500.00000,CLOSED_TP
LONG,2024-09-18 18:00:00,30.27851,2024-09-18 18:00:00,30.77851,1,2500.00000,0.00000,0.00000,21.53000,2500.00000,CLOSED_TP_SAME_CANDLE
LONG,2024-09-16 22:00:00,30.55378,2024-09-18 18:15:00,31.05378,1,2500.00000,-44.00000,0.00000,1576.88000,2456.00000,CLOSED_TP
LONG,2024-09-18 01:00:00,30.43220,2024-09-18 18:15:00,30.93220,1,2500.00000,-0.00000,0.00000,969.02000,2500.00000,CLOSED_TP
LONG,2024-07-17 14:00:00,30.61971,2024-09-18 18:30:00,31.11971,1,2500.00000,-1386.00000,0.00000,20744.05000,1114.00000,CLOSED_TP
LONG,2024-09-16 14:30:00,30.70809,2024-09-18 18:30:00,31.20809,1,2500.00000,-44.00000,0.00000,2348.44000,2456.00000,CLOSED_TP
LONG,2024-09-17 16:15:00,30.60103,2024-09-18 18:30:00,31.10103,1,2500.00000,-22.00000,0.00000,1813.13000,2478.00000,CLOSED_TP
LONG,2024-09-18 00:45:00,30.58590,2024-09-18 18:30:00,31.08590,1,2500.00000,-0.00000,0.00000,1737.51000,2500.00000,CLOSED_TP
LONG,2024-09-18 20:00:00,29.97111,2024-09-19 05:00:00,30.47111,1,2500.00000,-22.00000,0.00000,550.55000,2478.00000,CLOSED_TP
LONG,2024-09-19 01:00:00,30.03537,2024-09-19 05:00:00,30.53537,1,2500.00000,-0.00000,0.00000,650.84250,2500.00000,CLOSED_TP
LONG,2024-09-18 19:45:00,30.12481,2024-09-19 05:30:00,30.62481,1,2500.00000,-22.00000,0.00000,2021.54000,2478.00000,CLOSED_TP
LONG,2024-09-18 19:15:00,30.43220,2024-09-19 06:00:00,30.93220,1,2500.00000,-22.00000,0.00000,3558.52000,2478.00000,CLOSED_TP
LONG,2024-09-18 19:30:00,30.27851,2024-09-19 06:00:00,30.77851,1,2500.00000,-22.00000,0.00000,2790.03000,2478.00000,CLOSED_TP
LONG,2024-09-18 19:00:00,30.58590,2024-09-19 07:00:00,31.08590,1,2500.00000,-22.00000,0.00000,4327.01000,2478.00000,CLOSED_TP
LONG,2024-07-17 07:00:00,30.77514,2024-09-19 09:30:00,31.27514,1,2500.00000,-1408.00000,0.00000,21521.20000,1092.00000,CLOSED_TP
LONG,2024-07-12 06:15:00,30.91147,2024-09-20 12:15:00,31.41147,1,2500.00000,-1540.00000,0.00000,22202.83500,960.00000,CLOSED_TP
LONG,2024-09-23 07:45:00,30.45085,2024-09-23 13:15:00,30.95085,1,2500.00000,-0.00000,0.00000,468.27000,2500.00000,CLOSED_TP
LONG,2024-09-23 07:15:00,30.60622,2024-09-24 03:15:00,31.10622,1,2500.00000,-22.00000,0.00000,1245.07750,2478.00000,CLOSED_TP
LONG,2024-09-23 07:00:00,30.76158,2024-09-24 14:45:00,31.26158,1,2500.00000,-22.00000,0.00000,2021.88500,2478.00000,CLOSED_TP
LONG,2024-07-17 05:45:00,30.93057,2024-09-24 15:00:00,31.43057,1,2500.00000,-1518.00000,0.00000,22298.35000,982.00000,CLOSED_TP
LONG,2024-09-23 06:30:00,30.91694,2024-09-24 15:00:00,31.41694,1,2500.00000,-22.00000,0.00000,2798.69250,2478.00000,CLOSED_TP
LONG,2024-07-12 05:30:00,31.06838,2024-09-24 15:15:00,31.56838,1,2500.00000,-1628.00000,0.00000,22987.39000,872.00000,CLOSED_TP
LONG,2024-07-12 01:15:00,31.22529,2024-09-24 16:00:00,31.72529,1,2500.00000,-1628.00000,0.00000,23771.94500,872.00000,CLOSED_TP
LONG,2024-09-25 16:45:00,31.65918,2024-09-26 08:00:00,32.15918,1,2500.00000,-22.00000,0.00000,386.90250,2478.00000,CLOSED_TP
LONG,2024-09-25 05:30:00,31.81989,2024-09-26 10:30:00,32.31989,1,2500.00000,-22.00000,0.00000,1190.43500,2478.00000,CLOSED_TP
LONG,2024-09-25 01:30:00,31.98059,2024-09-26 11:00:00,32.48059,1,2500.00000,-22.00000,0.00000,1993.96750,2478.00000,CLOSED_TP
LONG,2024-09-27 05:30:00,31.66238,2024-09-27 12:45:00,32.16238,1,2500.00000,-0.00000,0.00000,360.89000,2500.00000,CLOSED_TP
LONG,2024-09-30 14:00:00,30.97253,2024-10-01 07:00:00,31.47253,1,2500.00000,-22.00000,0.00000,406.66250,2478.00000,CLOSED_TP
LONG,2024-09-30 10:45:00,31.13137,2024-10-01 13:30:00,31.63137,1,2500.00000,-22.00000,0.00000,1200.83000,2478.00000,CLOSED_TP
LONG,2024-09-30 10:30:00,31.29020,2024-10-01 13:45:00,31.79020,1,2500.00000,-22.00000,0.00000,1994.99750,2478.00000,CLOSED_TP
LONG,2024-10-02 05:15:00,31.04957,2024-10-02 07:45:00,31.54957,1,2500.00000,-0.00000,0.00000,227.34000,2500.00000,CLOSED_TP
LONG,2024-10-02 04:30:00,31.20638,2024-10-02 13:00:00,31.70638,1,2500.00000,-0.00000,0.00000,1011.42000,2500.00000,CLOSED_TP
LONG,2024-09-30 01:45:00,31.44903,2024-10-02 13:30:00,31.94903,1,2500.00000,-44.00000,0.00000,2789.16500,2456.00000,CLOSED_TP
LONG,2024-09-27 15:00:00,31.66238,2024-10-02 13:45:00,32.16238,1,2500.00000,-110.00000,0.00000,3855.89000,2390.00000,CLOSED_TP
LONG,2024-09-27 16:00:00,31.50247,2024-10-02 13:45:00,32.00247,1,2500.00000,-110.00000,0.00000,3056.33500,2390.00000,CLOSED_TP
LONG,2024-09-30 01:15:00,31.60787,2024-10-02 13:45:00,32.10787,1,2500.00000,-44.00000,0.00000,3583.33250,2456.00000,CLOSED_TP
LONG,2024-10-03 05:15:00,31.53962,2024-10-03 16:30:00,32.03962,1,2500.00000,-0.00000,0.00000,622.09000,2500.00000,CLOSED_TP
LONG,2024-10-03 01:30:00,31.69891,2024-10-03 17:15:00,32.19891,1,2500.00000,-0.00000,0.00000,1418.54500,2500.00000,CLOSED_TP
LONG,2024-09-27 01:30:00,31.82229,2024-10-04 14:45:00,32.32229,1,2500.00000,-154.00000,0.00000,4655.44500,2346.00000,CLOSED_TP
LONG,2024-10-04 12:45:00,31.72089,2024-10-04 14:45:00,32.22089,1,2500.00000,-0.00000,0.00000,1033.43500,2500.00000,CLOSED_TP
LONG,2024-10-04 12:30:00,31.88109,2024-10-04 15:00:00,32.38109,1,2500.00000,-0.00000,0.00000,1834.46750,2500.00000,CLOSED_TP
LONG,2024-10-08 15:30:00,30.21439,2024-10-08 23:30:00,30.71439,1,2500.00000,-0.00000,0.00000,416.92750,2500.00000,CLOSED_TP
LONG,2024-10-08 15:15:00,30.37258,2024-10-10 13:45:00,30.87258,1,2500.00000,-44.00000,0.00000,1207.88000,2456.00000,CLOSED_TP
LONG,2024-10-09 13:15:00,30.35261,2024-10-10 13:45:00,30.85261,1,2500.00000,-22.00000,0.00000,652.04000,2478.00000,CLOSED_TP
LONG,2024-10-09 03:00:00,30.50590,2024-10-10 14:00:00,31.00590,1,2500.00000,-22.00000,0.00000,1418.52000,2478.00000,CLOSED_TP
LONG,2024-10-08 15:00:00,30.53077,2024-10-10 16:00:00,31.03077,1,2500.00000,-44.00000,0.00000,1998.83250,2456.00000,CLOSED_TP
LONG,2024-10-08 14:30:00,30.68896,2024-10-11 01:45:00,31.18896,1,2500.00000,-66.00000,0.00000,2789.78500,2434.00000,CLOSED_TP
LONG,2024-10-08 14:15:00,30.84715,2024-10-11 12:15:00,31.34715,1,2500.00000,-66.00000,0.00000,3580.73750,2434.00000,CLOSED_TP
LONG,2024-10-08 08:15:00,31.00534,2024-10-11 13:30:00,31.50534,1,2500.00000,-66.00000,0.00000,4371.69000,2434.00000,CLOSED_TP
LONG,2024-10-14 02:00:00,30.97355,2024-10-14 06:15:00,31.47355,1,2500.00000,-0.00000,0.00000,342.77000,2500.00000,CLOSED_TP
LONG,2024-10-15 05:15:00,30.90265,2024-10-15 14:00:00,31.40265,1,2500.00000,-0.00000,0.00000,712.26000,2500.00000,CLOSED_TP
LONG,2024-10-08 02:30:00,31.16353,2024-10-15 14:15:00,31.66353,1,2500.00000,-154.00000,0.00000,5162.64250,2346.00000,CLOSED_TP
LONG,2024-10-15 05:00:00,31.05873,2024-10-15 14:15:00,31.55873,1,2500.00000,-0.00000,0.00000,1492.63000,2500.00000,CLOSED_TP
LONG,2024-10-08 02:15:00,31.32172,2024-10-16 08:30:00,31.82172,1,2500.00000,-176.00000,0.00000,5953.59500,2324.00000,CLOSED_TP
LONG,2024-10-08 01:00:00,31.47991,2024-10-16 13:00:00,31.97991,1,2500.00000,-176.00000,0.00000,6744.54750,2324.00000,CLOSED_TP
LONG,2024-10-07 12:45:00,31.58001,2024-10-16 13:30:00,32.08001,1,2500.00000,-198.00000,0.00000,7245.05000,2302.00000,CLOSED_TP
LONG,2024-10-16 22:00:00,31.29494,2024-10-17 00:30:00,31.79494,1,2500.00000,-22.00000,0.00000,863.69500,2478.00000,CLOSED_TP
LONG,2024-10-17 06:00:00,31.41993,2024-10-17 14:45:00,31.91993,1,2500.00000,-0.00000,0.00000,278.63500,2500.00000,CLOSED_TP
LONG,2024-10-17 16:30:00,31.41993,2024-10-18 01:30:00,31.91993,1,2500.00000,-22.00000,0.00000,488.63500,2478.00000,CLOSED_TP
LONG,2024-10-17 02:30:00,31.57861,2024-10-18 02:30:00,32.07861,1,2500.00000,-22.00000,0.00000,1282.06750,2478.00000,CLOSED_TP
LONG,2024-10-07 12:30:00,31.74113,2024-10-18 12:15:00,32.24113,1,2500.00000,-242.00000,0.00000,8050.66250,2258.00000,CLOSED_TP
LONG,2024-10-07 05:45:00,31.90226,2024-10-18 13:30:00,32.40225,1,2500.00000,-242.00000,0.00000,8856.27500,2258.00000,CLOSED_TP
LONG,2024-10-07 03:15:00,32.06338,2024-10-18 13:45:00,32.56338,1,2500.00000,-242.00000,0.00000,9661.88750,2258.00000,CLOSED_TP
LONG,2024-10-21 00:45:00,33.62324,2024-10-21 07:00:00,34.12324,1,2500.00000,-0.00000,0.00000,320.19500,2500.00000,CLOSED_TP
LONG,2024-10-21 14:45:00,33.62324,2024-10-22 04:15:00,34.12324,1,2500.00000,-22.00000,0.00000,715.19500,2478.00000,CLOSED_TP
LONG,2024-10-23 15:00:00,33.51464,2024-10-24 06:15:00,34.01464,1,2500.00000,-22.00000,0.00000,349.21500,2478.00000,CLOSED_TP
LONG,2024-10-23 14:00:00,33.68829,2024-10-24 07:00:00,34.18829,1,2500.00000,-22.00000,0.00000,1217.47000,2478.00000,CLOSED_TP
LONG,2024-10-24 16:00:00,33.29320,2024-10-25 14:00:00,33.79320,1,2500.00000,-22.00000,0.00000,1034.98500,2478.00000,CLOSED_TP
LONG,2024-10-25 08:00:00,33.33419,2024-10-25 14:00:00,33.83419,1,2500.00000,-0.00000,0.00000,1239.95500,2500.00000,CLOSED_TP
LONG,2024-10-25 09:00:00,33.16584,2024-10-25 14:00:00,33.66584,1,2500.00000,-0.00000,0.00000,398.18250,2500.00000,CLOSED_TP
LONG,2024-10-24 15:45:00,33.46220,2024-10-25 15:15:00,33.96220,1,2500.00000,-22.00000,0.00000,1879.99000,2478.00000,CLOSED_TP
LONG,2024-10-25 03:00:00,33.50255,2024-10-25 15:15:00,34.00255,1,2500.00000,-0.00000,0.00000,2081.72750,2500.00000,CLOSED_TP
LONG,2024-10-28 01:15:00,33.24846,2024-10-28 13:30:00,33.74846,1,2500.00000,-0.00000,0.00000,66.28500,2500.00000,CLOSED_TP
LONG,2024-10-28 01:00:00,33.41638,2024-10-28 14:45:00,33.91638,1,2500.00000,-0.00000,0.00000,905.89250,2500.00000,CLOSED_TP
LONG,2024-10-27 22:00:00,33.53817,2024-10-29 02:00:00,34.03817,1,2500.00000,-44.00000,0.00000,1514.83250,2456.00000,CLOSED_TP
LONG,2024-10-24 14:15:00,33.63120,2024-10-29 09:00:00,34.13120,1,2500.00000,-110.00000,0.00000,2724.99500,2390.00000,CLOSED_TP
LONG,2024-10-23 13:30:00,33.86195,2024-10-29 14:00:00,34.36195,1,2500.00000,-132.00000,0.00000,3878.72500,2368.00000,CLOSED_TP
LONG,2024-10-23 13:15:00,34.03560,2024-10-29 14:15:00,34.53560,1,2500.00000,-132.00000,0.00000,4746.98000,2368.00000,CLOSED_TP
LONG,2024-10-31 14:45:00,32.55360,2024-11-01 13:00:00,33.05360,1,2500.00000,-22.00000,0.00000,231.99750,2478.00000,CLOSED_TP
LONG,2024-11-01 19:45:00,32.33984,2024-11-04 07:00:00,32.83984,1,2500.00000,-66.00000,0.00000,275.17500,2434.00000,CLOSED_TP
LONG,2024-11-05 02:30:00,32.31919,2024-11-05 13:45:00,32.81919,1,2500.00000,-0.00000,0.00000,315.96000,2500.00000,CLOSED_TP
LONG,2024-11-04 16:45:00,32.35760,2024-11-05 14:30:00,32.85760,1,2500.00000,-22.00000,0.00000,507.99500,2478.00000,CLOSED_TP
LONG,2024-11-06 06:45:00,31.70367,2024-11-06 08:15:00,32.20367,1,2500.00000,-0.00000,0.00000,776.87000,2500.00000,CLOSED_TP
LONG,2024-11-06 14:00:00,30.88657,2024-11-06 15:30:00,31.38657,1,2500.00000,-0.00000,0.00000,211.84500,2500.00000,CLOSED_TP
LONG,2024-11-06 13:45:00,31.04999,2024-11-07 13:30:00,31.54999,1,2500.00000,-22.00000,0.00000,1028.95000,2478.00000,CLOSED_TP
LONG,2024-11-07 01:15:00,31.01574,2024-11-07 13:30:00,31.51574,1,2500.00000,-0.00000,0.00000,722.71000,2500.00000,CLOSED_TP
LONG,2024-11-06 13:30:00,31.21341,2024-11-07 14:15:00,31.71341,1,2500.00000,-22.00000,0.00000,1846.05500,2478.00000,CLOSED_TP
LONG,2024-11-06 13:00:00,31.54025,2024-11-07 20:00:00,32.04025,1,2500.00000,-22.00000,0.00000,3480.26500,2478.00000,CLOSED_TP
LONG,2024-11-06 13:15:00,31.37683,2024-11-07 20:00:00,31.87683,1,2500.00000,-22.00000,0.00000,2663.16000,2478.00000,CLOSED_TP
LONG,2024-11-12 06:00:00,30.25447,2024-11-12 14:00:00,30.75447,1,2500.00000,-0.00000,0.00000,340.86000,2500.00000,CLOSED_TP
LONG,2024-11-12 05:30:00,30.40805,2024-11-13 01:15:00,30.90805,1,2500.00000,-22.00000,0.00000,1108.74000,2478.00000,CLOSED_TP
LONG,2024-11-11 15:45:00,30.45334,2024-11-13 01:30:00,30.95334,1,2500.00000,-44.00000,0.00000,1335.22000,2456.00000,CLOSED_TP
LONG,2024-11-12 03:45:00,30.56162,2024-11-13 13:30:00,31.06162,1,2500.00000,-22.00000,0.00000,1876.62000,2478.00000,CLOSED_TP
LONG,2024-11-14 07:00:00,29.81014,2024-11-14 14:30:00,30.31014,1,2500.00000,-0.00000,0.00000,599.69250,2500.00000,CLOSED_TP
LONG,2024-11-14 06:45:00,29.96146,2024-11-14 16:15:00,30.46146,1,2500.00000,-0.00000,0.00000,1356.29500,2500.00000,CLOSED_TP
LONG,2024-11-14 02:30:00,30.11278,2024-11-14 19:15:00,30.61278,1,2500.00000,-0.00000,0.00000,2112.89750,2500.00000,CLOSED_TP
LONG,2024-11-13 23:45:00,30.22581,2024-11-15 11:30:00,30.72581,1,2500.00000,-44.00000,0.00000,2678.04250,2456.00000,CLOSED_TP
LONG,2024-11-15 20:15:00,30.22531,2024-11-18 08:15:00,30.72531,1,2500.00000,-66.00000,0.00000,235.57000,2434.00000,CLOSED_TP
LONG,2024-11-13 20:00:00,30.37924,2024-11-18 13:15:00,30.87924,1,2500.00000,-110.00000,0.00000,3445.19500,2390.00000,CLOSED_TP
LONG,2024-11-11 14:00:00,30.61032,2024-11-18 14:30:00,31.11032,1,2500.00000,-154.00000,0.00000,4600.60000,2346.00000,CLOSED_TP
LONG,2024-11-13 15:00:00,30.53267,2024-11-18 14:30:00,31.03267,1,2500.00000,-110.00000,0.00000,4212.34750,2390.00000,CLOSED_TP
LONG,2024-11-11 13:45:00,30.76730,2024-11-19 02:00:00,31.26730,1,2500.00000,-176.00000,0.00000,5385.48000,2324.00000,CLOSED_TP
LONG,2024-11-11 13:30:00,30.92427,2024-11-19 03:00:00,31.42427,1,2500.00000,-176.00000,0.00000,6170.36000,2324.00000,CLOSED_TP
LONG,2024-11-20 20:15:00,30.80706,2024-11-22 07:45:00,31.30706,1,2500.00000,-44.00000,0.00000,779.28500,2456.00000,CLOSED_TP
LONG,2024-11-21 14:45:00,30.76381,2024-11-22 07:45:00,31.26381,1,2500.00000,-22.00000,0.00000,563.04000,2478.00000,CLOSED_TP
LONG,2024-11-25 23:45:00,30.02446,2024-11-26 11:30:00,30.52446,1,2500.00000,-22.00000,0.00000,145.28000,2478.00000,CLOSED_TP
LONG,2024-11-25 15:45:00,30.17764,2024-11-26 13:15:00,30.67764,1,2500.00000,-22.00000,0.00000,911.21000,2478.00000,CLOSED_TP
LONG,2024-11-28 01:30:00,29.66150,2024-11-28 13:30:00,30.16150,1,2500.00000,-0.00000,0.00000,86.51000,2500.00000,CLOSED_TP
LONG,2024-11-28 01:15:00,29.81207,2024-11-29 01:15:00,30.31207,1,2500.00000,-22.00000,0.00000,839.34000,2478.00000,CLOSED_TP
LONG,2024-11-28 01:00:00,29.96263,2024-11-29 02:00:00,30.46263,1,2500.00000,-22.00000,0.00000,1592.17000,2478.00000,CLOSED_TP
LONG,2024-11-27 15:30:00,30.12095,2024-11-29 02:15:00,30.62095,1,2500.00000,-44.00000,0.00000,2383.74000,2456.00000,CLOSED_TP
LONG,2024-11-27 01:45:00,30.27307,2024-11-29 12:15:00,30.77307,1,2500.00000,-44.00000,0.00000,3144.37000,2456.00000,CLOSED_TP
LONG,2024-11-25 14:30:00,30.33083,2024-11-29 13:00:00,30.83083,1,2500.00000,-88.00000,0.00000,3433.14000,2412.00000,CLOSED_TP
LONG,2024-12-02 02:45:00,30.16065,2024-12-02 14:15:00,30.66065,1,2500.00000,-0.00000,0.00000,522.23500,2500.00000,CLOSED_TP
LONG,2024-12-02 01:15:00,30.31297,2024-12-03 06:15:00,30.81297,1,2500.00000,-22.00000,0.00000,1283.86750,2478.00000,CLOSED_TP
LONG,2024-12-01 23:00:00,30.46809,2024-12-03 07:30:00,30.96809,1,2500.00000,-44.00000,0.00000,2059.47000,2456.00000,CLOSED_TP
LONG,2024-11-25 14:15:00,30.48401,2024-12-03 09:00:00,30.98401,1,2500.00000,-176.00000,0.00000,4199.07000,2324.00000,CLOSED_TP
LONG,2024-12-04 13:00:00,30.52239,2024-12-04 14:15:00,31.02239,1,2500.00000,-0.00000,0.00000,235.96000,2500.00000,CLOSED_TP
LONG,2024-12-04 12:45:00,30.67733,2024-12-04 15:00:00,31.17733,1,2500.00000,-0.00000,0.00000,1010.64000,2500.00000,CLOSED_TP
LONG,2024-12-04 08:30:00,30.83226,2024-12-04 15:30:00,31.33226,1,2500.00000,-0.00000,0.00000,1785.32000,2500.00000,CLOSED_TP
LONG,2024-11-20 07:30:00,30.96344,2024-12-04 16:30:00,31.46344,1,2500.00000,-308.00000,0.00000,6596.19000,2192.00000,CLOSED_TP
LONG,2024-12-06 14:30:00,30.88014,2024-12-09 09:45:00,31.38014,1,2500.00000,-66.00000,0.00000,229.72000,2434.00000,CLOSED_TP
LONG,2024-12-09 04:00:00,30.91992,2024-12-09 10:00:00,31.41992,1,2500.00000,-0.00000,0.00000,233.61750,2500.00000,CLOSED_TP
LONG,2024-11-11 13:00:00,31.08125,2024-12-09 10:45:00,31.58125,1,2500.00000,-616.00000,0.00000,7185.24000,1884.00000,CLOSED_TP
LONG,2024-11-20 05:30:00,31.11982,2024-12-09 10:45:00,31.61982,1,2500.00000,-418.00000,0.00000,7378.09500,2082.00000,CLOSED_TP
LONG,2024-12-06 01:15:00,31.03690,2024-12-09 10:45:00,31.53690,1,2500.00000,-66.00000,0.00000,1013.48000,2434.00000,CLOSED_TP
LONG,2024-12-05 02:15:00,31.16081,2024-12-09 11:15:00,31.66081,1,2500.00000,-88.00000,0.00000,1633.06500,2412.00000,CLOSED_TP
LONG,2024-11-08 19:15:00,31.21141,2024-12-09 12:45:00,31.71141,1,2500.00000,-682.00000,0.00000,7836.03750,1818.00000,CLOSED_TP
LONG,2024-12-06 01:00:00,31.19365,2024-12-09 12:45:00,31.69365,1,2500.00000,-66.00000,0.00000,1797.24000,2434.00000,CLOSED_TP
LONG,2024-11-11 01:00:00,31.23822,2024-12-09 13:00:00,31.73822,1,2500.00000,-616.00000,0.00000,7970.12000,1884.00000,CLOSED_TP
LONG,2024-11-08 08:00:00,31.37147,2024-12-09 13:30:00,31.87147,1,2500.00000,-682.00000,0.00000,8636.33000,1818.00000,CLOSED_TP
LONG,2024-11-08 06:15:00,31.53152,2024-12-09 13:45:00,32.03152,1,2500.00000,-682.00000,0.00000,9436.62250,1818.00000,CLOSED_TP
LONG,2024-11-06 12:30:00,31.70367,2024-12-09 14:45:00,32.20367,1,2500.00000,-726.00000,0.00000,10297.37000,1774.00000,CLOSED_TP
LONG,2024-11-08 03:15:00,31.69158,2024-12-09 14:45:00,32.19158,1,2500.00000,-682.00000,0.00000,10236.91500,1818.00000,CLOSED_TP
LONG,2024-12-11 05:30:00,31.42958,2024-12-11 14:45:00,31.92958,1,2500.00000,-0.00000,0.00000,86.88500,2500.00000,CLOSED_TP
LONG,2024-12-11 04:15:00,31.58912,2024-12-11 15:00:00,32.08912,1,2500.00000,-0.00000,0.00000,985.59000,2500.00000,CLOSED_TP
LONG,2024-12-10 08:00:00,31.74239,2024-12-12 08:15:00,32.24239,1,2500.00000,-44.00000,0.00000,1751.95250,2456.00000,CLOSED_TP
LONG,2024-12-11 03:45:00,31.74866,2024-12-12 08:15:00,32.24866,1,2500.00000,-22.00000,0.00000,1783.29500,2478.00000,CLOSED_TP
LONG,2024-12-19 15:30:00,28.74752,2024-12-20 14:30:00,29.24752,1,2500.00000,-22.00000,0.00000,24.08000,2478.00000,CLOSED_TP
LONG,2024-12-20 02:45:00,28.87012,2024-12-20 15:15:00,29.37012,1,2500.00000,-0.00000,0.00000,338.62000,2500.00000,CLOSED_TP
LONG,2024-12-19 15:00:00,28.89419,2024-12-20 15:30:00,29.39419,1,2500.00000,-22.00000,0.00000,757.43500,2478.00000,CLOSED_TP
LONG,2024-12-19 14:30:00,29.04086,2024-12-20 18:30:00,29.54086,1,2500.00000,-22.00000,0.00000,1490.79000,2478.00000,CLOSED_TP
LONG,2024-12-19 13:15:00,29.18753,2024-12-20 19:30:00,29.68753,1,2500.00000,-22.00000,0.00000,2224.14500,2478.00000,CLOSED_TP
LONG,2024-12-18 21:45:00,29.28115,2024-12-23 07:00:00,29.78115,1,2500.00000,-110.00000,0.00000,2692.26000,2390.00000,CLOSED_TP
LONG,2024-12-23 23:00:00,29.36092,2024-12-26 15:30:00,29.86092,1,2500.00000,-66.00000,0.00000,248.62500,2434.00000,CLOSED_TP
LONG,2024-12-31 06:15:00,28.79649,2025-01-02 01:30:00,29.29649,1,2500.00000,-44.00000,0.00000,86.47000,2456.00000,CLOSED_TP
LONG,2024-12-30 16:15:00,28.83327,2025-01-02 05:00:00,29.33327,1,2500.00000,-66.00000,0.00000,270.33000,2434.00000,CLOSED_TP
LONG,2024-12-30 15:00:00,28.98037,2025-01-02 14:45:00,29.48037,1,2500.00000,-66.00000,0.00000,1005.87250,2434.00000,CLOSED_TP
LONG,2024-12-30 13:45:00,29.12748,2025-01-03 07:45:00,29.62748,1,2500.00000,-88.00000,0.00000,1741.41500,2412.00000,CLOSED_TP
LONG,2024-12-30 13:30:00,29.27459,2025-01-03 11:15:00,29.77459,1,2500.00000,-88.00000,0.00000,2476.95750,2412.00000,CLOSED_TP
LONG,2024-12-27 17:30:00,29.33675,2025-01-03 13:45:00,29.83675,1,2500.00000,-154.00000,0.00000,2787.73750,2346.00000,CLOSED_TP
LONG,2024-12-18 20:30:00,29.43366,2025-01-06 11:15:00,29.93366,1,2500.00000,-418.00000,0.00000,3454.79000,2082.00000,CLOSED_TP
LONG,2024-12-23 15:00:00,29.50921,2025-01-06 11:15:00,30.00921,1,2500.00000,-308.00000,0.00000,3650.06250,2192.00000,CLOSED_TP
LONG,2024-12-24 10:30:00,29.53578,2025-01-06 11:15:00,30.03578,1,2500.00000,-286.00000,0.00000,3782.89500,2214.00000,CLOSED_TP
LONG,2024-12-26 07:15:00,29.51886,2025-01-06 11:15:00,30.01886,1,2500.00000,-242.00000,0.00000,3698.32000,2258.00000,CLOSED_TP
LONG,2024-12-27 13:00:00,29.48567,2025-01-06 11:15:00,29.98567,1,2500.00000,-220.00000,0.00000,3532.32500,2280.00000,CLOSED_TP
LONG,2025-01-06 05:30:00,29.47727,2025-01-06 11:15:00,29.97727,1,2500.00000,-0.00000,0.00000,316.36500,2500.00000,CLOSED_TP
LONG,2024-12-18 20:15:00,29.58616,2025-01-06 11:30:00,30.08616,1,2500.00000,-418.00000,0.00000,4217.32000,2082.00000,CLOSED_TP
LONG,2024-12-27 09:45:00,29.63458,2025-01-06 11:30:00,30.13458,1,2500.00000,-220.00000,0.00000,4276.91250,2280.00000,CLOSED_TP
LONG,2024-12-18 20:00:00,29.73867,2025-01-06 11:45:00,30.23867,1,2500.00000,-418.00000,0.00000,4979.85000,2082.00000,CLOSED_TP
LONG,2024-12-18 19:15:00,29.89118,2025-01-09 12:45:00,30.39118,1,2500.00000,-484.00000,0.00000,5742.38000,2016.00000,CLOSED_TP
LONG,2025-01-08 17:30:00,29.93139,2025-01-09 13:15:00,30.43139,1,2500.00000,-22.00000,0.00000,555.95500,2478.00000,CLOSED_TP
LONG,2025-01-09 23:00:00,29.97955,2025-01-10 14:00:00,30.47955,1,2500.00000,-22.00000,0.00000,136.74500,2478.00000,CLOSED_TP
LONG,2024-12-18 19:00:00,30.04368,2025-01-10 14:15:00,30.54368,1,2500.00000,-506.00000,0.00000,6504.91000,1994.00000,CLOSED_TP
LONG,2025-01-13 16:00:00,29.52796,2025-01-15 07:30:00,30.02796,1,2500.00000,-44.00000,0.00000,93.82000,2456.00000,CLOSED_TP
LONG,2025-01-14 08:00:00,29.51767,2025-01-15 07:30:00,30.01767,1,2500.00000,-22.00000,0.00000,12.35000,2478.00000,CLOSED_TP
LONG,2025-01-13 12:15:00,29.68017,2025-01-15 13:45:00,30.18017,1,2500.00000,-44.00000,0.00000,854.85000,2456.00000,CLOSED_TP
LONG,2025-01-13 12:00:00,29.83238,2025-01-15 14:00:00,30.33238,1,2500.00000,-44.00000,0.00000,1615.88000,2456.00000,CLOSED_TP
LONG,2025-01-13 10:00:00,29.98458,2025-01-15 16:45:00,30.48458,1,2500.00000,-44.00000,0.00000,2376.91000,2456.00000,CLOSED_TP
LONG,2025-01-13 05:30:00,30.13679,2025-01-15 18:00:00,30.63679,1,2500.00000,-44.00000,0.00000,3137.94000,2456.00000,CLOSED_TP
LONG,2024-12-18 15:00:00,30.19619,2025-01-15 20:30:00,30.69619,1,2500.00000,-616.00000,0.00000,7267.44000,1884.00000,CLOSED_TP
LONG,2024-12-17 09:00:00,30.21223,2025-01-15 20:45:00,30.71223,1,2500.00000,-638.00000,0.00000,7347.63000,1862.00000,CLOSED_TP
LONG,2025-01-13 01:00:00,30.28899,2025-01-16 07:00:00,30.78899,1,2500.00000,-66.00000,0.00000,3898.97000,2434.00000,CLOSED_TP
LONG,2024-12-17 08:30:00,30.36481,2025-01-16 07:45:00,30.86481,1,2500.00000,-660.00000,0.00000,8110.56500,1840.00000,CLOSED_TP
LONG,2024-12-18 08:00:00,30.34869,2025-01-16 07:45:00,30.84869,1,2500.00000,-638.00000,0.00000,8029.97000,1862.00000,CLOSED_TP
LONG,2024-12-13 15:00:00,30.42192,2025-01-16 17:15:00,30.92192,1,2500.00000,-748.00000,0.00000,8396.11000,1752.00000,CLOSED_TP
LONG,2024-12-16 23:00:00,30.42939,2025-01-16 17:15:00,30.92939,1,2500.00000,-682.00000,0.00000,8433.44250,1818.00000,CLOSED_TP
LONG,2025-01-17 13:45:00,30.14382,2025-01-21 02:45:00,30.64382,1,2500.00000,-88.00000,0.00000,655.60000,2412.00000,CLOSED_TP
LONG,2025-01-20 01:30:00,30.14551,2025-01-21 02:45:00,30.64551,1,2500.00000,-22.00000,0.00000,664.07500,2478.00000,CLOSED_TP
LONG,2025-01-17 13:15:00,30.29762,2025-01-21 16:45:00,30.79762,1,2500.00000,-88.00000,0.00000,1424.57500,2412.00000,CLOSED_TP
LONG,2025-01-21 01:00:00,30.25608,2025-01-21 16:45:00,30.75608,1,2500.00000,-0.00000,0.00000,244.41500,2500.00000,CLOSED_TP
LONG,2025-01-21 00:45:00,30.40889,2025-01-22 04:30:00,30.90889,1,2500.00000,-22.00000,0.00000,1008.45750,2478.00000,CLOSED_TP
LONG,2025-01-23 13:15:00,30.15274,2025-01-24 01:45:00,30.65274,1,2500.00000,-22.00000,0.00000,262.69000,2478.00000,CLOSED_TP
LONG,2025-01-23 12:30:00,30.30658,2025-01-24 03:00:00,30.80658,1,2500.00000,-22.00000,0.00000,1031.89250,2478.00000,CLOSED_TP
LONG,2025-01-17 10:00:00,30.45141,2025-01-24 13:30:00,30.95141,1,2500.00000,-154.00000,0.00000,2193.55000,2346.00000,CLOSED_TP
LONG,2025-01-23 09:15:00,30.46042,2025-01-24 13:30:00,30.96042,1,2500.00000,-22.00000,0.00000,1801.09500,2478.00000,CLOSED_TP
LONG,2025-01-27 17:15:00,29.74452,2025-01-28 13:15:00,30.24452,1,2500.00000,-22.00000,0.00000,75.10000,2478.00000,CLOSED_TP
LONG,2025-01-27 17:00:00,29.89706,2025-01-28 17:00:00,30.39706,1,2500.00000,-22.00000,0.00000,870.78000,2478.00000,CLOSED_TP
LONG,2025-01-28 02:45:00,30.01636,2025-01-29 08:30:00,30.51636,1,2500.00000,-22.00000,0.00000,620.82000,2478.00000,CLOSED_TP
LONG,2025-01-27 16:45:00,30.04959,2025-01-29 13:00:00,30.54959,1,2500.00000,-44.00000,0.00000,1633.46000,2456.00000,CLOSED_TP
LONG,2025-01-27 02:15:00,30.20213,2025-01-29 14:15:00,30.70213,1,2500.00000,-44.00000,0.00000,2396.14000,2456.00000,CLOSED_TP
LONG,2025-01-27 01:30:00,30.35466,2025-01-29 14:30:00,30.85466,1,2500.00000,-44.00000,0.00000,3158.82000,2456.00000,CLOSED_TP
LONG,2025-01-26 23:00:00,30.42730,2025-01-29 14:45:00,30.92730,1,2500.00000,-66.00000,0.00000,3521.99500,2434.00000,CLOSED_TP
LONG,2024-12-13 13:30:00,30.57635,2025-01-30 10:15:00,31.07635,1,2500.00000,-1056.00000,0.00000,9168.24000,1444.00000,CLOSED_TP
LONG,2025-01-17 05:45:00,30.60521,2025-01-30 10:30:00,31.10521,1,2500.00000,-286.00000,0.00000,4411.52500,2214.00000,CLOSED_TP
LONG,2025-01-22 14:30:00,30.58550,2025-01-30 10:30:00,31.08550,1,2500.00000,-176.00000,0.00000,4313.02000,2324.00000,CLOSED_TP
LONG,2025-01-23 03:00:00,30.61426,2025-01-30 12:45:00,31.11426,1,2500.00000,-154.00000,0.00000,4456.79750,2346.00000,CLOSED_TP
LONG,2024-12-13 09:00:00,30.73077,2025-01-30 13:00:00,31.23077,1,2500.00000,-1056.00000,0.00000,9940.37000,1444.00000,CLOSED_TP
LONG,2024-12-12 15:30:00,31.00422,2025-01-30 15:00:00,31.50422,1,2500.00000,-1078.00000,0.00000,11307.60000,1422.00000,CLOSED_TP
LONG,2024-12-12 15:00:00,31.16322,2025-01-30 15:30:00,31.66322,1,2500.00000,-1078.00000,0.00000,12102.58000,1422.00000,CLOSED_TP
LONG,2025-01-31 02:30:00,31.11536,2025-01-31 09:00:00,31.61536,1,2500.00000,-0.00000,0.00000,165.81000,2500.00000,CLOSED_TP
LONG,2025-02-02 23:45:00,30.80607,2025-02-03 11:00:00,31.30607,1,2500.00000,-22.00000,0.00000,658.86000,2478.00000,CLOSED_TP
LONG,2025-02-03 02:00:00,30.79246,2025-02-03 11:00:00,31.29246,1,2500.00000,-0.00000,0.00000,590.82000,2500.00000,CLOSED_TP
LONG,2025-02-02 23:30:00,30.96245,2025-02-03 14:45:00,31.46245,1,2500.00000,-22.00000,0.00000,1546.24000,2478.00000,CLOSED_TP
LONG,2025-02-02 23:15:00,31.11882,2025-02-03 16:15:00,31.61882,1,2500.00000,-22.00000,0.00000,2328.12000,2478.00000,CLOSED_TP
LONG,2024-12-12 14:30:00,31.32221,2025-02-04 13:15:00,31.82221,1,2500.00000,-1188.00000,0.00000,12897.56000,1312.00000,CLOSED_TP
LONG,2025-01-31 01:30:00,31.27331,2025-02-04 13:15:00,31.77331,1,2500.00000,-88.00000,0.00000,3100.54000,2412.00000,CLOSED_TP
LONG,2024-12-12 14:15:00,31.48121,2025-02-04 14:00:00,31.98121,1,2500.00000,-1188.00000,0.00000,13692.54000,1312.00000,CLOSED_TP
LONG,2025-01-31 00:00:00,31.43125,2025-02-04 14:00:00,31.93125,1,2500.00000,-88.00000,0.00000,3890.27000,2412.00000,CLOSED_TP
LONG,2024-12-12 14:00:00,31.64020,2025-02-04 15:00:00,32.14020,1,2500.00000,-1188.00000,0.00000,14487.52000,1312.00000,CLOSED_TP
LONG,2024-11-08 00:45:00,31.85164,2025-02-04 18:00:00,32.35164,1,2500.00000,-1936.00000,0.00000,15544.70750,564.00000,CLOSED_TP
LONG,2024-11-06 06:30:00,31.86709,2025-02-05 08:30:00,32.36709,1,2500.00000,-2002.00000,0.00000,15621.97500,498.00000,CLOSED_TP
LONG,2024-11-06 06:15:00,32.03052,2025-02-05 10:30:00,32.53052,1,2500.00000,-2002.00000,0.00000,16439.08000,498.00000,CLOSED_TP
LONG,2025-02-06 08:15:00,31.81964,2025-02-07 08:00:00,32.31964,1,2500.00000,-22.00000,0.00000,355.68500,2478.00000,CLOSED_TP
LONG,2025-02-06 07:45:00,31.98116,2025-02-07 14:15:00,32.48116,1,2500.00000,-22.00000,0.00000,1163.29000,2478.00000,CLOSED_TP
LONG,2025-02-11 13:15:00,31.26610,2025-02-11 14:30:00,31.76610,1,2500.00000,-0.00000,0.00000,49.52500,2500.00000,CLOSED_TP
LONG,2025-02-11 13:00:00,31.42644,2025-02-11 15:30:00,31.92644,1,2500.00000,-0.00000,0.00000,851.22000,2500.00000,CLOSED_TP
LONG,2025-02-11 12:45:00,31.58678,2025-02-12 14:30:00,32.08678,1,2500.00000,-22.00000,0.00000,1652.91500,2478.00000,CLOSED_TP
LONG,2025-02-12 13:00:00,31.66498,2025-02-12 15:45:00,32.16498,1,2500.00000,-0.00000,0.00000,699.39750,2500.00000,CLOSED_TP
LONG,2025-02-11 07:45:00,31.74712,2025-02-12 17:00:00,32.24712,1,2500.00000,-22.00000,0.00000,2454.61000,2478.00000,CLOSED_TP
LONG,2025-02-07 18:45:00,31.89562,2025-02-13 21:15:00,32.39562,1,2500.00000,-132.00000,0.00000,3197.11000,2368.00000,CLOSED_TP
LONG,2025-02-11 02:30:00,31.90746,2025-02-13 21:15:00,32.40746,1,2500.00000,-44.00000,0.00000,3256.30500,2456.00000,CLOSED_TP
LONG,2025-02-06 07:30:00,32.14268,2025-02-14 05:45:00,32.64268,1,2500.00000,-176.00000,0.00000,4432.39500,2324.00000,CLOSED_TP
LONG,2025-02-07 17:00:00,32.05671,2025-02-14 05:45:00,32.55671,1,2500.00000,-154.00000,0.00000,4002.55500,2346.00000,CLOSED_TP
LONG,2025-02-13 13:45:00,32.11920,2025-02-14 05:45:00,32.61920,1,2500.00000,-22.00000,0.00000,634.48500,2478.00000,CLOSED_TP
LONG,2024-11-06 01:00:00,32.35736,2025-02-14 06:00:00,32.85736,1,2500.00000,-2200.00000,0.00000,18073.29000,300.00000,CLOSED_TP
LONG,2024-11-06 03:15:00,32.19394,2025-02-14 06:00:00,32.69394,1,2500.00000,-2200.00000,0.00000,17256.18500,300.00000,CLOSED_TP
LONG,2024-11-01 14:30:00,32.50317,2025-02-14 07:15:00,33.00317,1,2500.00000,-2310.00000,0.00000,18802.33750,190.00000,CLOSED_TP
LONG,2024-11-06 00:15:00,32.52078,2025-02-14 07:15:00,33.02078,1,2500.00000,-2200.00000,0.00000,18890.39500,300.00000,CLOSED_TP
LONG,2024-10-31 14:30:00,32.72227,2025-02-14 08:30:00,33.22227,1,2500.00000,-2332.00000,0.00000,19897.85500,168.00000,CLOSED_TP
LONG,2024-10-31 14:00:00,32.89094,2025-02-14 13:30:00,33.39094,1,2500.00000,-2332.00000,0.00000,20741.21250,168.00000,CLOSED_TP
LONG,2025-02-16 23:30:00,31.96557,2025-02-17 03:30:00,32.46557,1,2500.00000,-22.00000,0.00000,144.84500,2478.00000,CLOSED_TP
LONG,2025-02-14 20:30:00,32.20815,2025-02-18 16:00:00,32.70815,1,2500.00000,-88.00000,0.00000,1357.75000,2412.00000,CLOSED_TP
LONG,2025-02-18 01:15:00,32.22228,2025-02-18 16:00:00,32.72228,1,2500.00000,-0.00000,0.00000,727.89500,2500.00000,CLOSED_TP
LONG,2025-02-19 02:45:00,32.57714,2025-02-20 09:15:00,33.07714,1,2500.00000,-22.00000,0.00000,529.19000,2478.00000,CLOSED_TP
LONG,2025-02-25 16:30:00,31.29637,2025-02-25 23:00:00,31.79637,1,2500.00000,-0.00000,0.00000,18.35500,2500.00000,CLOSED_TP
LONG,2025-02-28 14:30:00,30.90443,2025-03-03 09:45:00,31.40443,1,2500.00000,-66.00000,0.00000,371.17000,2434.00000,CLOSED_TP
LONG,2025-02-28 07:15:00,31.06052,2025-03-03 12:30:00,31.56052,1,2500.00000,-66.00000,0.00000,1151.58500,2434.00000,CLOSED_TP
LONG,2025-02-27 20:00:00,31.24358,2025-03-03 14:30:00,31.74358,1,2500.00000,-88.00000,0.00000,2066.88000,2412.00000,CLOSED_TP
LONG,2025-02-27 15:00:00,31.40298,2025-03-04 12:15:00,31.90298,1,2500.00000,-110.00000,0.00000,2863.91000,2390.00000,CLOSED_TP
LONG,2025-02-25 16:00:00,31.45769,2025-03-04 12:45:00,31.95769,1,2500.00000,-154.00000,0.00000,3137.46250,2346.00000,CLOSED_TP
LONG,2025-03-04 15:15:00,31.48160,2025-03-04 20:15:00,31.98160,1,2500.00000,-0.00000,0.00000,52.00500,2500.00000,CLOSED_TP
LONG,2025-02-27 05:30:00,31.56239,2025-03-05 05:45:00,32.06239,1,2500.00000,-132.00000,0.00000,3660.94000,2368.00000,CLOSED_TP
LONG,2025-02-25 15:15:00,31.61901,2025-03-05 06:00:00,32.11901,1,2500.00000,-176.00000,0.00000,3944.07000,2324.00000,CLOSED_TP
LONG,2025-02-26 06:45:00,31.61732,2025-03-05 06:00:00,32.11732,1,2500.00000,-154.00000,0.00000,3935.59500,2346.00000,CLOSED_TP
LONG,2025-02-25 12:45:00,31.78034,2025-03-05 07:30:00,32.28034,1,2500.00000,-176.00000,0.00000,4750.67750,2324.00000,CLOSED_TP
LONG,2025-02-27 03:00:00,31.72179,2025-03-05 07:30:00,32.22179,1,2500.00000,-132.00000,0.00000,4457.97000,2368.00000,CLOSED_TP
LONG,2025-02-25 12:30:00,31.94166,2025-03-05 15:00:00,32.44166,1,2500.00000,-176.00000,0.00000,5557.28500,2324.00000,CLOSED_TP
LONG,2025-02-25 07:45:00,32.10298,2025-03-05 18:00:00,32.60298,1,2500.00000,-176.00000,0.00000,6363.89250,2324.00000,CLOSED_TP
LONG,2025-02-24 15:00:00,32.24450,2025-03-06 18:15:00,32.74450,1,2500.00000,-220.00000,0.00000,7071.49000,2280.00000,CLOSED_TP
LONG,2025-03-07 17:00:00,32.12203,2025-03-09 23:15:00,32.62203,1,2500.00000,-44.00000,0.00000,14.16000,2456.00000,CLOSED_TP
LONG,2025-03-11 01:00:00,31.85950,2025-03-11 08:30:00,32.35950,1,2500.00000,-0.00000,0.00000,220.51000,2500.00000,CLOSED_TP
LONG,2025-03-10 19:00:00,31.93634,2025-03-11 09:00:00,32.43634,1,2500.00000,-22.00000,0.00000,604.69000,2478.00000,CLOSED_TP
LONG,2025-03-10 13:45:00,32.26222,2025-03-11 13:30:00,32.76222,1,2500.00000,-22.00000,0.00000,2234.09500,2478.00000,CLOSED_TP
LONG,2025-03-10 17:00:00,32.09928,2025-03-11 13:30:00,32.59928,1,2500.00000,-22.00000,0.00000,1419.39250,2478.00000,CLOSED_TP
LONG,2025-03-06 09:45:00,32.28053,2025-03-11 13:45:00,32.78053,1,2500.00000,-110.00000,0.00000,2325.67000,2390.00000,CLOSED_TP
LONG,2025-03-07 13:15:00,32.28509,2025-03-11 13:45:00,32.78509,1,2500.00000,-88.00000,0.00000,2348.44000,2412.00000,CLOSED_TP
LONG,2025-02-24 01:00:00,32.40735,2025-03-11 14:15:00,32.90735,1,2500.00000,-330.00000,0.00000,7885.74500,2170.00000,CLOSED_TP
LONG,2025-03-06 09:00:00,32.44357,2025-03-11 19:15:00,32.94357,1,2500.00000,-110.00000,0.00000,3140.83500,2390.00000,CLOSED_TP
LONG,2025-03-10 02:00:00,32.42516,2025-03-11 19:15:00,32.92516,1,2500.00000,-22.00000,0.00000,3048.79750,2478.00000,CLOSED_TP
LONG,2025-03-07 02:00:00,32.44814,2025-03-11 19:45:00,32.94814,1,2500.00000,-88.00000,0.00000,3163.72000,2412.00000,CLOSED_TP
LONG,2025-02-21 21:45:00,32.47368,2025-03-11 22:00:00,32.97368,1,2500.00000,-396.00000,0.00000,8217.38500,2104.00000,CLOSED_TP
LONG,2025-02-21 15:15:00,32.63852,2025-03-12 12:30:00,33.13852,1,2500.00000,-418.00000,0.00000,9041.59000,2082.00000,CLOSED_TP
LONG,2025-02-19 01:15:00,32.74167,2025-03-12 17:15:00,33.24167,1,2500.00000,-462.00000,0.00000,9557.34500,2038.00000,CLOSED_TP
LONG,2025-02-21 04:45:00,32.80336,2025-03-12 18:30:00,33.30336,1,2500.00000,-418.00000,0.00000,9865.79500,2082.00000,CLOSED_TP
LONG,2024-10-31 13:45:00,33.05961,2025-03-13 15:15:00,33.55961,1,2500.00000,-2926.00000,0.00000,21584.57000,-426.00000,CLOSED_TP
LONG,2025-03-13 05:00:00,33.10037,2025-03-13 15:15:00,33.60037,1,2500.00000,-0.00000,0.00000,829.33250,2500.00000,CLOSED_TP
LONG,2024-10-31 13:00:00,33.22829,2025-03-13 15:30:00,33.72829,1,2500.00000,-2926.00000,0.00000,22427.92750,-426.00000,CLOSED_TP
LONG,2024-10-31 12:45:00,33.39696,2025-03-13 15:45:00,33.89696,1,2500.00000,-2926.00000,0.00000,23271.28500,-426.00000,CLOSED_TP
LONG,2024-10-31 04:15:00,33.56563,2025-03-14 12:30:00,34.06563,1,2500.00000,-2948.00000,0.00000,24114.64250,-448.00000,CLOSED_TP
LONG,2025-03-17 13:15:00,33.45725,2025-03-18 07:30:00,33.95725,1,2500.00000,-22.00000,0.00000,60.24000,2478.00000,CLOSED_TP
LONG,2024-10-30 13:30:00,33.61235,2025-03-18 09:00:00,34.11235,1,2500.00000,-3058.00000,0.00000,24348.22500,-558.00000,CLOSED_TP
LONG,2025-03-17 12:30:00,33.62622,2025-03-18 12:00:00,34.12622,1,2500.00000,-22.00000,0.00000,905.12000,2478.00000,CLOSED_TP
LONG,2025-03-14 13:45:00,33.67110,2025-03-18 12:15:00,34.17110,1,2500.00000,-88.00000,0.00000,1129.49250,2412.00000,CLOSED_TP
LONG,2025-03-21 14:00:00,32.68707,2025-03-24 05:00:00,33.18707,1,2500.00000,-66.00000,0.00000,139.35000,2434.00000,CLOSED_TP
LONG,2025-03-21 13:45:00,32.85470,2025-03-25 10:45:00,33.35470,1,2500.00000,-88.00000,0.00000,977.48000,2412.00000,CLOSED_TP
LONG,2025-03-24 18:00:00,32.89002,2025-03-25 11:15:00,33.39002,1,2500.00000,-22.00000,0.00000,36.11750,2478.00000,CLOSED_TP
LONG,2025-03-21 05:30:00,33.02232,2025-03-25 11:30:00,33.52232,1,2500.00000,-88.00000,0.00000,1815.61000,2412.00000,CLOSED_TP
LONG,2025-03-20 10:30:00,33.22612,2025-03-25 13:30:00,33.72612,1,2500.00000,-110.00000,0.00000,2834.58000,2390.00000,CLOSED_TP
LONG,2025-03-21 03:00:00,33.18995,2025-03-25 13:30:00,33.68995,1,2500.00000,-88.00000,0.00000,2653.74000,2412.00000,CLOSED_TP
LONG,2025-03-21 02:00:00,33.35757,2025-03-26 12:30:00,33.85757,1,2500.00000,-110.00000,0.00000,3491.87000,2390.00000,CLOSED_TP
LONG,2025-03-20 10:15:00,33.39564,2025-03-26 12:45:00,33.89564,1,2500.00000,-132.00000,0.00000,3682.18500,2368.00000,CLOSED_TP
LONG,2025-03-20 08:15:00,33.56516,2025-03-27 10:30:00,34.06516,1,2500.00000,-154.00000,0.00000,4529.79000,2346.00000,CLOSED_TP
LONG,2025-03-19 09:30:00,33.61268,2025-03-27 12:00:00,34.11268,1,2500.00000,-176.00000,0.00000,4767.39000,2324.00000,CLOSED_TP
LONG,2025-03-20 05:30:00,33.73468,2025-03-27 14:45:00,34.23468,1,2500.00000,-154.00000,0.00000,5377.39500,2346.00000,CLOSED_TP
LONG,2024-10-30 13:15:00,33.78472,2025-03-27 15:00:00,34.28472,1,2500.00000,-3256.00000,0.00000,25210.08000,-756.00000,CLOSED_TP
LONG,2025-03-19 08:30:00,33.78244,2025-03-27 15:00:00,34.28244,1,2500.00000,-176.00000,0.00000,5616.19500,2324.00000,CLOSED_TP
LONG,2024-10-30 12:15:00,33.95709,2025-03-27 19:45:00,34.45709,1,2500.00000,-3256.00000,0.00000,26071.93500,-756.00000,CLOSED_TP
LONG,2025-03-31 13:45:00,33.52306,2025-03-31 18:15:00,34.02306,1,2500.00000,-0.00000,0.00000,118.28000,2500.00000,CLOSED_TP
LONG,2025-03-31 13:30:00,33.69409,2025-04-01 03:45:00,34.19409,1,2500.00000,-22.00000,0.00000,973.46000,2478.00000,CLOSED_TP
LONG,2025-04-01 16:00:00,33.54437,2025-04-02 20:15:00,34.04437,1,2500.00000,-22.00000,0.00000,310.86000,2478.00000,CLOSED_TP
LONG,2025-04-02 22:15:00,33.32459,2025-04-02 23:15:00,33.82459,1,2500.00000,-0.00000,0.00000,456.94000,2500.00000,CLOSED_TP
LONG,2025-04-03 13:30:00,31.77717,2025-04-03 14:00:00,32.27717,1,2500.00000,-0.00000,0.00000,24.85000,2500.00000,CLOSED_TP
LONG,2025-04-06 23:30:00,28.54296,2025-04-07 00:45:00,29.04296,1,2500.00000,-22.00000,0.00000,888.81500,2478.00000,CLOSED_TP
LONG,2025-04-07 00:00:00,28.49491,2025-04-07 00:45:00,28.99491,1,2500.00000,-0.00000,0.00000,268.54750,2500.00000,CLOSED_TP
LONG,2025-04-04 17:15:00,29.35462,2025-04-07 01:00:00,29.85462,1,2500.00000,-66.00000,0.00000,4947.12000,2434.00000,CLOSED_TP
LONG,2025-04-06 22:00:00,29.43031,2025-04-07 01:00:00,29.93031,1,2500.00000,-22.00000,0.00000,5325.54500,2478.00000,CLOSED_TP
LONG,2025-04-06 22:15:00,29.28242,2025-04-07 01:00:00,29.78242,1,2500.00000,-22.00000,0.00000,4586.09000,2478.00000,CLOSED_TP
LONG,2025-04-06 22:30:00,29.13453,2025-04-07 01:00:00,29.63453,1,2500.00000,-22.00000,0.00000,3846.63500,2478.00000,CLOSED_TP
LONG,2025-04-06 22:45:00,28.98664,2025-04-07 01:00:00,29.48664,1,2500.00000,-22.00000,0.00000,3107.18000,2478.00000,CLOSED_TP
LONG,2025-04-06 23:00:00,28.83874,2025-04-07 01:00:00,29.33874,1,2500.00000,-22.00000,0.00000,2367.72500,2478.00000,CLOSED_TP
LONG,2025-04-06 23:15:00,28.69085,2025-04-07 01:00:00,29.19085,1,2500.00000,-22.00000,0.00000,1628.27000,2478.00000,CLOSED_TP
LONG,2025-04-04 14:45:00,29.83323,2025-04-07 01:15:00,30.33323,1,2500.00000,-66.00000,0.00000,7340.16000,2434.00000,CLOSED_TP
LONG,2025-04-04 15:00:00,29.67370,2025-04-07 01:15:00,30.17370,1,2500.00000,-66.00000,0.00000,6542.48000,2434.00000,CLOSED_TP
LONG,2025-04-04 17:00:00,29.51416,2025-04-07 01:15:00,30.01416,1,2500.00000,-66.00000,0.00000,5744.80000,2434.00000,CLOSED_TP
LONG,2025-04-04 14:15:00,30.15230,2025-04-07 01:30:00,30.65230,1,2500.00000,-66.00000,0.00000,8935.52000,2434.00000,CLOSED_TP
LONG,2025-04-04 14:30:00,29.99277,2025-04-07 01:30:00,30.49277,1,2500.00000,-66.00000,0.00000,8137.84000,2434.00000,CLOSED_TP
LONG,2025-04-08 00:45:00,29.87607,2025-04-08 11:45:00,30.37607,1,2500.00000,-0.00000,0.00000,89.34500,2500.00000,CLOSED_TP
LONG,2025-04-08 23:30:00,29.57581,2025-04-09 06:00:00,30.07581,1,2500.00000,-22.00000,0.00000,1068.03500,2478.00000,CLOSED_TP
LONG,2025-04-09 00:30:00,29.49001,2025-04-09 06:00:00,29.99001,1,2500.00000,-0.00000,0.00000,639.04500,2500.00000,CLOSED_TP
LONG,2025-04-08 17:15:00,29.72594,2025-04-09 06:30:00,30.22594,1,2500.00000,-22.00000,0.00000,1818.69000,2478.00000,CLOSED_TP
LONG,2025-04-08 16:30:00,29.87607,2025-04-09 07:15:00,30.37607,1,2500.00000,-22.00000,0.00000,2569.34500,2478.00000,CLOSED_TP
LONG,2025-04-04 14:00:00,30.31184,2025-04-09 17:45:00,30.81184,1,2500.00000,-110.00000,0.00000,9733.20000,2390.00000,CLOSED_TP
LONG,2025-04-04 13:45:00,30.47138,2025-04-09 19:15:00,30.97138,1,2500.00000,-110.00000,0.00000,10530.88000,2390.00000,CLOSED_TP
LONG,2025-04-04 13:30:00,30.63091,2025-04-10 02:15:00,31.13091,1,2500.00000,-132.00000,0.00000,11328.56000,2368.00000,CLOSED_TP
LONG,2025-04-04 13:00:00,30.79045,2025-04-10 07:00:00,31.29045,1,2500.00000,-132.00000,0.00000,12126.24000,2368.00000,CLOSED_TP
LONG,2025-04-10 13:45:00,30.58031,2025-04-10 15:00:00,31.08031,1,2500.00000,-0.00000,0.00000,0.54000,2500.00000,CLOSED_TP
LONG,2025-04-10 08:30:00,30.73475,2025-04-10 20:45:00,31.23475,1,2500.00000,-0.00000,0.00000,772.77000,2500.00000,CLOSED_TP
LONG,2025-04-04 11:45:00,30.94998,2025-04-11 07:30:00,31.44998,1,2500.00000,-154.00000,0.00000,12923.92000,2346.00000,CLOSED_TP
LONG,2025-04-11 01:15:00,31.00838,2025-04-11 11:45:00,31.50838,1,2500.00000,-0.00000,0.00000,425.89500,2500.00000,CLOSED_TP
LONG,2025-04-04 11:30:00,31.10952,2025-04-11 13:00:00,31.60952,1,2500.00000,-154.00000,0.00000,13721.60000,2346.00000,CLOSED_TP
LONG,2025-04-04 07:30:00,31.26906,2025-04-11 13:30:00,31.76906,1,2500.00000,-154.00000,0.00000,14519.28000,2346.00000,CLOSED_TP
LONG,2025-04-04 03:30:00,31.42859,2025-04-11 14:45:00,31.92859,1,2500.00000,-154.00000,0.00000,15316.96000,2346.00000,CLOSED_TP
LONG,2025-04-04 02:15:00,31.74766,2025-04-11 15:00:00,32.24766,1,2500.00000,-154.00000,0.00000,16912.32000,2346.00000,CLOSED_TP
LONG,2025-04-04 02:30:00,31.58813,2025-04-11 15:00:00,32.08813,1,2500.00000,-154.00000,0.00000,16114.64000,2346.00000,CLOSED_TP
LONG,2025-04-03 19:30:00,31.77717,2025-04-11 20:45:00,32.27717,1,2500.00000,-176.00000,0.00000,17059.85000,2324.00000,CLOSED_TP
LONG,2025-04-14 01:00:00,31.91283,2025-04-16 00:00:00,32.41283,1,2500.00000,-44.00000,0.00000,694.17000,2456.00000,CLOSED_TP
LONG,2025-04-03 12:30:00,31.94620,2025-04-16 00:45:00,32.44620,1,2500.00000,-286.00000,0.00000,17904.98750,2214.00000,CLOSED_TP
LONG,2025-04-03 12:15:00,32.11523,2025-04-16 06:45:00,32.61523,1,2500.00000,-286.00000,0.00000,18750.12500,2214.00000,CLOSED_TP
LONG,2025-04-13 22:00:00,32.11979,2025-04-16 07:00:00,32.61979,1,2500.00000,-66.00000,0.00000,1728.97000,2434.00000,CLOSED_TP
LONG,2025-04-15 15:00:00,32.13870,2025-04-16 07:00:00,32.63870,1,2500.00000,-22.00000,0.00000,247.49500,2478.00000,CLOSED_TP
LONG,2025-04-03 12:00:00,32.28425,2025-04-16 07:30:00,32.78425,1,2500.00000,-286.00000,0.00000,19595.26250,2214.00000,CLOSED_TP
LONG,2025-04-03 10:15:00,32.45328,2025-04-16 08:15:00,32.95328,1,2500.00000,-286.00000,0.00000,20440.40000,2214.00000,CLOSED_TP
LONG,2025-04-17 02:00:00,32.15400,2025-04-22 03:15:00,32.65400,1,2500.00000,-110.00000,0.00000,322.48000,2390.00000,CLOSED_TP
LONG,2025-04-17 01:45:00,32.31805,2025-04-22 03:45:00,32.81805,1,2500.00000,-110.00000,0.00000,1142.73500,2390.00000,CLOSED_TP
LONG,2025-04-17 01:30:00,32.48210,2025-04-22 14:30:00,32.98210,1,2500.00000,-110.00000,0.00000,1962.99000,2390.00000,CLOSED_TP
LONG,2025-04-22 07:00:00,32.43262,2025-04-22 14:30:00,32.93262,1,2500.00000,-0.00000,0.00000,637.11000,2500.00000,CLOSED_TP
LONG,2025-04-03 09:45:00,32.62231,2025-04-22 16:00:00,33.12231,1,2500.00000,-418.00000,0.00000,21285.53750,2082.00000,CLOSED_TP
LONG,2025-04-22 22:30:00,32.10667,2025-04-22 23:15:00,32.60667,1,2500.00000,-0.00000,0.00000,132.33000,2500.00000,CLOSED_TP
LONG,2025-04-22 22:15:00,32.26964,2025-04-23 01:15:00,32.76964,1,2500.00000,-22.00000,0.00000,947.22000,2478.00000,CLOSED_TP
LONG,2025-04-22 22:00:00,32.43262,2025-04-23 09:00:00,32.93262,1,2500.00000,-22.00000,0.00000,1762.11000,2478.00000,CLOSED_TP
LONG,2025-04-03 09:15:00,32.79134,2025-04-23 14:30:00,33.29134,1,2500.00000,-440.00000,0.00000,22130.67500,2060.00000,CLOSED_TP
LONG,2025-04-17 01:15:00,32.64615,2025-04-23 14:30:00,33.14615,1,2500.00000,-132.00000,0.00000,2829.74500,2368.00000,CLOSED_TP
LONG,2025-04-03 05:15:00,33.12939,2025-04-23 14:45:00,33.62939,1,2500.00000,-440.00000,0.00000,23820.95000,2060.00000,CLOSED_TP
LONG,2025-04-03 09:00:00,32.96036,2025-04-23 14:45:00,33.46036,1,2500.00000,-440.00000,0.00000,22975.81250,2060.00000,CLOSED_TP
LONG,2025-04-25 13:30:00,32.92624,2025-04-29 12:30:00,33.42624,1,2500.00000,-88.00000,0.00000,1265.18000,2412.00000,CLOSED_TP
LONG,2025-04-29 04:45:00,32.93470,2025-04-29 12:30:00,33.43470,1,2500.00000,-0.00000,0.00000,277.49500,2500.00000,CLOSED_TP
LONG,2025-04-30 09:45:00,32.25984,2025-04-30 15:15:00,32.75984,1,2500.00000,-0.00000,0.00000,378.18000,2500.00000,CLOSED_TP
LONG,2025-05-01 11:45:00,31.80372,2025-05-01 12:30:00,32.30372,1,2500.00000,-0.00000,0.00000,632.60000,2500.00000,CLOSED_TP
LONG,2025-05-01 11:30:00,31.96682,2025-05-01 13:00:00,32.46682,1,2500.00000,-0.00000,0.00000,1448.08000,2500.00000,CLOSED_TP
LONG,2025-05-01 03:00:00,32.12991,2025-05-02 02:15:00,32.62991,1,2500.00000,-22.00000,0.00000,2263.56000,2478.00000,CLOSED_TP
LONG,2025-05-02 14:00:00,32.10194,2025-05-05 12:45:00,32.60194,1,2500.00000,-66.00000,0.00000,798.69000,2434.00000,CLOSED_TP
LONG,2025-04-30 08:15:00,32.42443,2025-05-06 01:00:00,32.92443,1,2500.00000,-132.00000,0.00000,3736.13500,2368.00000,CLOSED_TP
LONG,2025-05-01 00:30:00,32.45610,2025-05-06 01:00:00,32.95610,1,2500.00000,-110.00000,0.00000,3894.52000,2390.00000,CLOSED_TP
LONG,2025-05-01 00:45:00,32.29301,2025-05-06 01:00:00,32.79301,1,2500.00000,-110.00000,0.00000,3079.04000,2390.00000,CLOSED_TP
LONG,2025-05-02 12:00:00,32.26407,2025-05-06 01:00:00,32.76407,1,2500.00000,-88.00000,0.00000,1609.34500,2412.00000,CLOSED_TP
LONG,2025-04-30 08:00:00,32.58902,2025-05-06 04:30:00,33.08902,1,2500.00000,-132.00000,0.00000,4559.09000,2368.00000,CLOSED_TP
LONG,2025-05-07 19:00:00,32.33490,2025-05-08 01:45:00,32.83490,1,2500.00000,-22.00000,0.00000,474.50000,2478.00000,CLOSED_TP
LONG,2025-05-08 06:30:00,32.31263,2025-05-09 14:15:00,32.81263,1,2500.00000,-22.00000,0.00000,510.62500,2478.00000,CLOSED_TP
LONG,2025-05-09 02:00:00,32.28725,2025-05-09 14:15:00,32.78725,1,2500.00000,-0.00000,0.00000,383.76250,2500.00000,CLOSED_TP
LONG,2025-05-12 07:45:00,32.16833,2025-05-12 13:00:00,32.66833,1,2500.00000,-0.00000,0.00000,1425.63500,2500.00000,CLOSED_TP
LONG,2025-05-12 08:00:00,32.00504,2025-05-12 13:00:00,32.50504,1,2500.00000,-0.00000,0.00000,609.18000,2500.00000,CLOSED_TP
LONG,2025-05-12 07:30:00,32.33162,2025-05-13 02:30:00,32.83162,1,2500.00000,-22.00000,0.00000,2242.09000,2478.00000,CLOSED_TP
LONG,2025-05-07 18:45:00,32.50072,2025-05-13 03:30:00,33.00072,1,2500.00000,-132.00000,0.00000,3087.60000,2368.00000,CLOSED_TP
LONG,2025-05-12 01:45:00,32.49491,2025-05-13 03:30:00,32.99491,1,2500.00000,-22.00000,0.00000,3058.54500,2478.00000,CLOSED_TP
LONG,2025-05-11 22:00:00,32.56555,2025-05-13 04:30:00,33.06555,1,2500.00000,-44.00000,0.00000,3411.77000,2456.00000,CLOSED_TP
LONG,2025-05-07 14:00:00,32.66654,2025-05-13 07:00:00,33.16654,1,2500.00000,-132.00000,0.00000,3916.70000,2368.00000,CLOSED_TP
LONG,2025-05-15 04:45:00,31.74852,2025-05-15 12:30:00,32.24852,1,2500.00000,-0.00000,0.00000,552.60000,2500.00000,CLOSED_TP
LONG,2025-05-15 03:00:00,31.90968,2025-05-15 15:00:00,32.40968,1,2500.00000,-0.00000,0.00000,1358.40000,2500.00000,CLOSED_TP
LONG,2025-05-15 02:15:00,32.07084,2025-05-15 16:00:00,32.57084,1,2500.00000,-0.00000,0.00000,2164.20000,2500.00000,CLOSED_TP
LONG,2025-05-14 18:45:00,32.13746,2025-05-15 20:00:00,32.63746,1,2500.00000,-22.00000,0.00000,2497.31250,2478.00000,CLOSED_TP
LONG,2025-05-16 11:45:00,31.96486,2025-05-18 23:00:00,32.46486,1,2500.00000,-44.00000,0.00000,423.28000,2456.00000,CLOSED_TP
LONG,2025-05-16 10:45:00,32.12794,2025-05-19 08:45:00,32.62794,1,2500.00000,-66.00000,0.00000,1238.71000,2434.00000,CLOSED_TP
LONG,2025-05-14 12:30:00,32.30227,2025-05-20 14:00:00,32.80227,1,2500.00000,-132.00000,0.00000,3321.35000,2368.00000,CLOSED_TP
LONG,2025-05-16 08:00:00,32.29103,2025-05-20 14:00:00,32.79103,1,2500.00000,-88.00000,0.00000,2054.14000,2412.00000,CLOSED_TP
LONG,2025-05-19 03:45:00,32.30914,2025-05-20 14:00:00,32.80914,1,2500.00000,-22.00000,0.00000,939.71250,2478.00000,CLOSED_TP
LONG,2025-05-20 03:30:00,32.19243,2025-05-20 14:00:00,32.69243,1,2500.00000,-0.00000,0.00000,356.14500,2500.00000,CLOSED_TP
LONG,2025-05-14 12:15:00,32.46708,2025-05-20 16:45:00,32.96708,1,2500.00000,-132.00000,0.00000,4145.38750,2368.00000,CLOSED_TP
LONG,2025-05-16 02:45:00,32.45411,2025-05-20 16:45:00,32.95411,1,2500.00000,-88.00000,0.00000,2869.57000,2412.00000,CLOSED_TP
LONG,2025-05-14 02:30:00,32.63189,2025-05-20 22:45:00,33.13189,1,2500.00000,-132.00000,0.00000,4969.42500,2368.00000,CLOSED_TP
LONG,2025-04-30 04:15:00,32.75361,2025-05-21 14:15:00,33.25361,1,2500.00000,-462.00000,0.00000,5578.04500,2038.00000,CLOSED_TP
LONG,2025-05-07 01:30:00,32.83236,2025-05-21 14:45:00,33.33236,1,2500.00000,-308.00000,0.00000,5971.80000,2192.00000,CLOSED_TP
LONG,2025-05-14 00:45:00,32.79669,2025-05-21 14:45:00,33.29669,1,2500.00000,-154.00000,0.00000,5793.46250,2346.00000,CLOSED_TP
LONG,2025-04-29 19:30:00,32.93470,2025-05-21 15:00:00,33.43470,1,2500.00000,-484.00000,0.00000,6483.49500,2016.00000,CLOSED_TP
LONG,2025-05-21 01:15:00,32.92505,2025-05-21 15:00:00,33.42505,1,2500.00000,-0.00000,0.00000,85.23750,2500.00000,CLOSED_TP
LONG,2025-05-07 00:30:00,32.99818,2025-05-21 15:15:00,33.49818,1,2500.00000,-308.00000,0.00000,6800.90000,2192.00000,CLOSED_TP
LONG,2025-04-25 13:15:00,33.09423,2025-05-22 03:15:00,33.59423,1,2500.00000,-594.00000,0.00000,7281.13500,1906.00000,CLOSED_TP
LONG,2025-05-22 11:00:00,32.77238,2025-05-23 07:15:00,33.27238,1,2500.00000,-22.00000,0.00000,785.88000,2478.00000,CLOSED_TP
LONG,2025-05-23 12:00:00,32.89122,2025-05-23 16:15:00,33.39122,1,2500.00000,-0.00000,0.00000,16.08750,2500.00000,CLOSED_TP
LONG,2025-05-22 10:45:00,32.93958,2025-05-23 16:30:00,33.43958,1,2500.00000,-22.00000,0.00000,1621.91000,2478.00000,CLOSED_TP
LONG,2025-05-27 12:45:00,32.75846,2025-05-27 18:30:00,33.25846,1,2500.00000,-0.00000,0.00000,34.80000,2500.00000,CLOSED_TP
LONG,2025-05-27 10:45:00,32.92560,2025-05-28 09:45:00,33.42560,1,2500.00000,-22.00000,0.00000,870.47500,2478.00000,CLOSED_TP
LONG,2025-05-28 23:30:00,32.77312,2025-05-29 06:00:00,33.27312,1,2500.00000,-22.00000,0.00000,398.58500,2478.00000,CLOSED_TP
LONG,2025-05-28 20:45:00,32.93948,2025-05-29 10:30:00,33.43948,1,2500.00000,-22.00000,0.00000,1230.39000,2478.00000,CLOSED_TP
LONG,2025-05-30 14:30:00,32.91651,2025-06-02 07:15:00,33.41651,1,2500.00000,-66.00000,0.00000,731.55000,2434.00000,CLOSED_TP
LONG,2025-05-30 02:15:00,33.08275,2025-06-02 07:45:00,33.58275,1,2500.00000,-66.00000,0.00000,1562.77500,2434.00000,CLOSED_TP
LONG,2025-05-22 10:15:00,33.10679,2025-06-02 12:30:00,33.60679,1,2500.00000,-242.00000,0.00000,2457.94000,2258.00000,CLOSED_TP
LONG,2025-05-27 05:30:00,33.09273,2025-06-02 12:30:00,33.59273,1,2500.00000,-132.00000,0.00000,1996.65000,2368.00000,CLOSED_TP
LONG,2025-05-28 13:30:00,33.10584,2025-06-02 12:30:00,33.60584,1,2500.00000,-110.00000,0.00000,2062.19500,2390.00000,CLOSED_TP
LONG,2025-04-03 04:45:00,33.29842,2025-06-02 13:00:00,33.79842,1,2500.00000,-1320.00000,0.00000,24666.08750,1180.00000,CLOSED_TP
LONG,2025-04-24 01:45:00,33.44911,2025-06-02 13:00:00,33.94911,1,2500.00000,-858.00000,0.00000,9055.57000,1642.00000,CLOSED_TP
LONG,2025-04-24 04:15:00,33.28103,2025-06-02 13:00:00,33.78103,1,2500.00000,-858.00000,0.00000,8215.14000,1642.00000,CLOSED_TP
LONG,2025-04-25 01:45:00,33.43021,2025-06-02 13:00:00,33.93021,1,2500.00000,-836.00000,0.00000,8961.04500,1664.00000,CLOSED_TP
LONG,2025-04-25 06:00:00,33.26222,2025-06-02 13:00:00,33.76222,1,2500.00000,-836.00000,0.00000,8121.09000,1664.00000,CLOSED_TP
LONG,2025-05-22 09:00:00,33.27399,2025-06-02 13:00:00,33.77399,1,2500.00000,-242.00000,0.00000,3293.97000,2258.00000,CLOSED_TP
LONG,2025-05-26 09:30:00,33.28096,2025-06-02 13:00:00,33.78096,1,2500.00000,-154.00000,0.00000,2937.79500,2346.00000,CLOSED_TP
LONG,2025-05-27 04:45:00,33.25986,2025-06-02 13:00:00,33.75986,1,2500.00000,-132.00000,0.00000,2832.32500,2368.00000,CLOSED_TP
LONG,2025-04-02 22:00:00,33.49289,2025-06-02 13:15:00,33.99289,1,2500.00000,-1342.00000,0.00000,25638.47000,1158.00000,CLOSED_TP
LONG,2025-04-03 00:45:00,33.46745,2025-06-02 13:15:00,33.96745,1,2500.00000,-1320.00000,0.00000,25511.22500,1180.00000,CLOSED_TP
LONG,2025-04-03 00:15:00,33.63647,2025-06-02 13:45:00,34.13647,1,2500.00000,-1320.00000,0.00000,26356.36250,1180.00000,CLOSED_TP
LONG,2025-04-01 14:00:00,33.71465,2025-06-02 14:00:00,34.21465,1,2500.00000,-1364.00000,0.00000,26747.24000,1136.00000,CLOSED_TP
LONG,2025-03-31 13:15:00,33.86513,2025-06-02 14:15:00,34.36513,1,2500.00000,-1386.00000,0.00000,27499.64000,1114.00000,CLOSED_TP
LONG,2025-04-01 07:30:00,33.88492,2025-06-02 14:30:00,34.38492,1,2500.00000,-1364.00000,0.00000,27598.62000,1136.00000,CLOSED_TP
LONG,2025-03-28 14:30:00,34.05451,2025-06-02 17:00:00,34.55451,1,2500.00000,-1452.00000,0.00000,28446.57500,1048.00000,CLOSED_TP
LONG,2025-03-31 00:45:00,34.03616,2025-06-02 17:00:00,34.53616,1,2500.00000,-1386.00000,0.00000,28354.82000,1114.00000,CLOSED_TP
LONG,2024-10-30 07:45:00,34.12946,2025-06-02 18:15:00,34.62946,1,2500.00000,-4730.00000,0.00000,28821.29000,-2230.00000,CLOSED_TP
LONG,2024-10-23 13:00:00,34.20925,2025-06-02 19:15:00,34.70925,1,2500.00000,-4884.00000,0.00000,29220.23500,-2384.00000,CLOSED_TP
LONG,2025-03-28 03:00:00,34.22651,2025-06-02 19:30:00,34.72651,1,2500.00000,-1452.00000,0.00000,29306.53750,1048.00000,CLOSED_TP
LONG,2024-10-30 02:30:00,34.30183,2025-06-02 20:15:00,34.80183,1,2500.00000,-4730.00000,0.00000,29683.14500,-2230.00000,CLOSED_TP
LONG,2025-06-03 02:45:00,34.02756,2025-06-03 17:30:00,34.52756,1,2500.00000,-0.00000,0.00000,266.80000,2500.00000,CLOSED_TP
LONG,2024-10-23 01:15:00,34.55655,STILL_OPEN,34.58620,1,148.25500,-4906.00000,0.00000,30956.74500,-4757.74500,STILL_OPEN
LONG,2024-10-23 12:30:00,34.38290,STILL_OPEN,34.58620,1,1016.51000,-4906.00000,0.00000,30088.49000,-3889.49000,STILL_OPEN
LONG,2025-06-03 01:00:00,34.54839,STILL_OPEN,34.58620,1,189.05000,-0.00000,0.00000,2870.95000,189.05000,STILL_OPEN
LONG,2025-06-03 01:15:00,34.37478,STILL_OPEN,34.58620,1,1057.10000,-0.00000,0.00000,2002.90000,1057.10000,STILL_OPEN
LONG,2025-06-03 01:30:00,34.20117,STILL_OPEN,34.58620,1,1925.15000,-0.00000,0.00000,1134.85000,1925.15000,STILL_OPEN
